{
  "request" : {
    "urlPattern" : "/DataServices/IATAService/resources/IATASummary/(.*)",
    "method" : "GET"
  },
  "response" : {
    "status" : 200,
    "headers": {
            "Content-Type": "application/json",
            "Cache-Control": "no-cache"
        },
    "jsonBody" : {
	"getIATASummaryInformationResponse": [{
			"iataTravelAgencyCode": "TA4387583",
			"iataTravelAgencyCheckDigit": "3",
			"travelAgencyTypeCode": "HO",
			"carrierCode": "BNE",
			"travelAgencyName": "Travel World Pty Ltd",
			"tradingName": "Travel World",
			"locationCity": "Singapore",
			"locationRegion": "Singapore",
            "locationCountryCode": "SG",
            "telephoneCountryCode": "61",
            "telephoneAreaCode": "7",
			"telephoneNumber": "890264",
			"emailAddress": "test@test.com",
			"webAddress": "www.test.com"
		}
	],
	"totalrecords": 1
}
  }
}