{
	"request": {
		"urlPattern": "/DataServices/CargoExamsService/v1/resources/CargoExamsSummary",
		"method": "POST"
	},
	"response": {
		"status": 200,
		"headers": {
			"Content-Type": "application/json",
			"Cache-Control": "no-cache"
		},
		"jsonBody": {
			"getCargoExamsSummaryResponse": [{
					"transportType": "AIR",
					"masterBillNumber": "6746433256145R",
					"houseBillNumber": "83134624",
					"entityExaminationRoleType": "Consignee",
					"examinationIdentifier": "97645253425",
					"billTyp": "test",
					"currentDate": "2017-07-25",
					"goodsDescription": "Men's Apparel",
					"consigneeName": "STEVE BOLTE",
					"consignorName": "ADAM SMITH",
					"consigneeAddress": "126 CHESTNUT COURT, CLEVELAND QLD AUS",
					"consignorAddress": "38 SEAVIEW STREET, GLENUNGA SA 5064",
					"selectionCriteriaDescription": "test",
					"examStatus": "test",
					"priorityType": "test",
					"examPort": "test",
					"examResultType": "Wildlife",
					"toolsUsed": "Container x-ray"
				}, {
					"transportType": "SEA",
					"masterBillNumber": "7742034794545R",
					"houseBillNumber": "94287546",
					"entityExaminationRoleType": "Consignor",
					"examinationIdentifier": "0746756536",
					"billTyp": "test",
					"currentDate": "2017-09-12",
					"goodsDescription": "Footwear",
					"consigneeName": "ADAM SMITH",
					"consignorName": "STEVE BOLTE",
					"consigneeAddress": "38 SEAVIEW STREET, GLENUNGA SA 5064",
					"consignorAddress": "126 CHESTNUT COURT, CLEVELAND QLD AUS",
					"selectionCriteriaDescription": "test",
					"examStatus": "test",
					"priorityType": "test",
					"examPort": "test",
					"examResultType": "Weapons",
					"toolsUsed": "De-fumigation"
				}
			],
			"totalRecords": 2,
			"returnCode": "0",
			"returnMsg": "SUCCESS"
		}
	}
}
