{
  "priority": 99,
  "request" : {
    "urlPattern" : "/DataServices/resources/masterEntitySource/([0-9]*)/EntityAddress\\?(.*)",
    "method" : "GET"
  },
  "response" : {
    "status" : 200,
    "headers": {
            "Content-Type": "application/json",
            "Cache-Control": "no-cache"
        },
    "jsonBody" : {
	"getMasterEntitySourceEntityAddressResponse": [{
			"masterEntityId": "{{request.path.[3]}}",
			"sourceEntityId": "{{request.path.[3]}}",
			"sourceSystemCd": "EROLL",
			"sourceEntityAddressId": "34367803",
			"addressMatchKeyCd": "A01F",
			"addressSiteLatitude": "-37.835380000000000",
			"addressSiteLongitude": "144.879637000000000",
			"streetLocalityPointLatitude": "-37.835405190000000",
			"streetLocalityPointLongitude": "144.878303410000000",
			"localityPointLatitude": "-37.843600550000000",
			"localityPointLongitude": "144.880448570000000",
			"usageTypeCd": "RES",
			"standardAddressValue": "26 JUNCTION STREET NEWPORT VIC 3015 AU",
			"lotId": "",
			"unitTypeAbbreviation": "",
			"unitId": "",
			"levelTypeAbbreviation": "",
			"levelId": "",
			"roadFirstPartId": "26",
			"roadSecondPartId": "",
			"roadName": "JUNCTION",
			"roadTypeAbbreviation": "STREET",
			"roadSuffixAbbreviation": "",
			"addressSiteName": "",
			"localityName": "NEWPORT",
			"stateCd": "VIC",
			"postalCd": "3015",
			"countryCd": "AU",
			"administrationArea": "",
			"supraAdministrationArea": "",
			"subAdministrationArea": "",
			"postalDeliveryTypeAbbreviation": "",
			"postalDeliveryId": "",
			"deliveryPointId": "",
			"unparsedAddress": "",
			"identifiedContactValue": "<ADDRSLINE> 26 JUNCTION ST <ADDRSAREA> NEWPORT VIC 3015 AU",
			"usageTypeCdGeo": "RES",
			"standardAddressValueGeo": "26 JUNCTION STREET NEWPORT VIC 3015 AU",
			"lotIdGeo": "",
			"unitTypeAbbreviationGeo": "",
			"unitIdGeo": "",
			"levelTypeAbbreviationGeo": "",
			"levelIdGeo": "",
			"roadFirstPartIdGeo": "26",
			"roadSecondPartIdGeo": "",
			"roadNameGeo": "JUNCTION",
			"roadTypeAbbreviationGeo": "STREET",
			"roadSuffixAbbreviationGeo": "",
			"addressSiteNameGeo": "",
			"localityNameGeo": "NEWPORT",
			"stateCdGeo": "VIC",
			"postalCdGeo": "3015",
			"countryCdGeo": "AU",
			"postalDeliveryTypeAbbreviationGeo": "",
			"postalDeliveryIdGeo": "",
			"deliveryPointIdGeo": "",
			"addressSitePID": "420955862",
			"addressDetailPID": "GAVIC420812832",
			"streetLocalityPID": "VIC1981976",
			"localityPID": "VIC1930",
			"statePID": "2",
			"effectiveStartDt": "2015-04-01"
		}, {
			"masterEntityId": "{{request.path.[3]}}",
			"sourceEntityId": "87302175345",
			"sourceSystemCd": "EROLL",
			"sourceEntityAddressId": "34367803",
			"addressMatchKeyCd": "A01F",
			"addressSiteLatitude": "-37.835380000000000",
			"addressSiteLongitude": "144.879637000000000",
			"streetLocalityPointLatitude": "-37.835405190000000",
			"streetLocalityPointLongitude": "144.878303410000000",
			"localityPointLatitude": "-37.843600550000000",
			"localityPointLongitude": "144.880448570000000",
			"usageTypeCd": "RES",
			"standardAddressValue": "8 QUEENSVILLE STREET KINGSVILLE VIC 3012 AU",
			"lotId": "",
			"unitTypeAbbreviation": "",
			"unitId": "",
			"levelTypeAbbreviation": "",
			"levelId": "",
			"roadFirstPartId": "26",
			"roadSecondPartId": "",
			"roadName": "JUNCTION",
			"roadTypeAbbreviation": "STREET",
			"roadSuffixAbbreviation": "",
			"addressSiteName": "",
			"localityName": "NEWPORT",
			"stateCd": "VIC",
			"postalCd": "3015",
			"countryCd": "AU",
			"administrationArea": "",
			"supraAdministrationArea": "",
			"subAdministrationArea": "",
			"postalDeliveryTypeAbbreviation": "",
			"postalDeliveryId": "",
			"deliveryPointId": "",
			"unparsedAddress": "",
			"identifiedContactValue": "<ADDRSLINE> 26 JUNCTION ST <ADDRSAREA> NEWPORT VIC 3015 AU",
			"usageTypeCdGeo": "RES",
			"standardAddressValueGeo": "26 JUNCTION STREET NEWPORT VIC 3015 AU",
			"lotIdGeo": "",
			"unitTypeAbbreviationGeo": "",
			"unitIdGeo": "",
			"levelTypeAbbreviationGeo": "",
			"levelIdGeo": "",
			"roadFirstPartIdGeo": "26",
			"roadSecondPartIdGeo": "",
			"roadNameGeo": "JUNCTION",
			"roadTypeAbbreviationGeo": "STREET",
			"roadSuffixAbbreviationGeo": "",
			"addressSiteNameGeo": "",
			"localityNameGeo": "NEWPORT",
			"stateCdGeo": "VIC",
			"postalCdGeo": "3015",
			"countryCdGeo": "AU",
			"postalDeliveryTypeAbbreviationGeo": "",
			"postalDeliveryIdGeo": "",
			"deliveryPointIdGeo": "",
			"addressSitePID": "420955862",
			"addressDetailPID": "GAVIC420812832",
			"streetLocalityPID": "VIC1981976",
			"localityPID": "VIC1930",
			"statePID": "2",
			"effectiveStartDt": "2017-07-01"
		}, {
			"masterEntityId": "{{request.path.[3]}}",
			"sourceEntityId": "604455673",
			"sourceSystemCd": "ABR",
			"sourceEntityAddressId": "669245190",
			"addressMatchKeyCd": "A01F",
			"addressSiteLatitude": "-37.835380000000000",
			"addressSiteLongitude": "144.879637000000000",
			"streetLocalityPointLatitude": "-37.835405190000000",
			"streetLocalityPointLongitude": "144.878303410000000",
			"localityPointLatitude": "-37.843600550000000",
			"localityPointLongitude": "144.880448570000000",
			"usageTypeCd": "BUS",
			"standardAddressValue": "26 JUNCTION STREET NEWPORT VIC 3015",
			"lotId": "",
			"unitTypeAbbreviation": "",
			"unitId": "",
			"levelTypeAbbreviation": "",
			"levelId": "",
			"roadFirstPartId": "26",
			"roadSecondPartId": "",
			"roadName": "JUNCTION",
			"roadTypeAbbreviation": "STREET",
			"roadSuffixAbbreviation": "",
			"addressSiteName": "",
			"localityName": "NEWPORT",
			"stateCd": "VIC",
			"postalCd": "3015",
			"countryCd": "",
			"administrationArea": "",
			"supraAdministrationArea": "",
			"subAdministrationArea": "",
			"postalDeliveryTypeAbbreviation": "",
			"postalDeliveryId": "",
			"deliveryPointId": "",
			"unparsedAddress": "",
			"identifiedContactValue": "<ADDRSLINE> 26 JUNCTION ST <ADDRSAREA> NEWPORT VIC 3015 AUS",
			"usageTypeCdGeo": "BUS",
			"standardAddressValueGeo": "26 JUNCTION STREET NEWPORT VIC 3015 AU",
			"lotIdGeo": "",
			"unitTypeAbbreviationGeo": "",
			"unitIdGeo": "",
			"levelTypeAbbreviationGeo": "",
			"levelIdGeo": "",
			"roadFirstPartIdGeo": "26",
			"roadSecondPartIdGeo": "",
			"roadNameGeo": "JUNCTION",
			"roadTypeAbbreviationGeo": "STREET",
			"roadSuffixAbbreviationGeo": "",
			"addressSiteNameGeo": "",
			"localityNameGeo": "NEWPORT",
			"stateCdGeo": "VIC",
			"postalCdGeo": "3015",
			"countryCdGeo": "AU",
			"postalDeliveryTypeAbbreviationGeo": "",
			"postalDeliveryIdGeo": "",
			"deliveryPointIdGeo": "",
			"addressSitePID": "420955862",
			"addressDetailPID": "GAVIC420812832",
			"streetLocalityPID": "VIC1981976",
			"localityPID": "VIC1930",
			"statePID": "2",
			"effectiveStartDt": "2006-01-01"
		}, {
			"masterEntityId": "{{request.path.[3]}}",
			"sourceEntityId": "604455673",
			"sourceSystemCd": "ABR",
			"sourceEntityAddressId": "669245191",
			"addressMatchKeyCd": "A01F",
			"addressSiteLatitude": "-37.835380000000000",
			"addressSiteLongitude": "144.879637000000000",
			"streetLocalityPointLatitude": "-37.835405190000000",
			"streetLocalityPointLongitude": "144.878303410000000",
			"localityPointLatitude": "-37.843600550000000",
			"localityPointLongitude": "144.880448570000000",
			"usageTypeCd": "POS",
			"standardAddressValue": "26 JUNCTION STREET NEWPORT VIC 3015",
			"lotId": "",
			"unitTypeAbbreviation": "",
			"unitId": "",
			"levelTypeAbbreviation": "",
			"levelId": "",
			"roadFirstPartId": "26",
			"roadSecondPartId": "",
			"roadName": "JUNCTION",
			"roadTypeAbbreviation": "STREET",
			"roadSuffixAbbreviation": "",
			"addressSiteName": "",
			"localityName": "NEWPORT",
			"stateCd": "VIC",
			"postalCd": "3015",
			"countryCd": "",
			"administrationArea": "",
			"supraAdministrationArea": "",
			"subAdministrationArea": "",
			"postalDeliveryTypeAbbreviation": "",
			"postalDeliveryId": "",
			"deliveryPointId": "",
			"unparsedAddress": "",
			"identifiedContactValue": "<ADDRSLINE> 26 JUNCTION ST <ADDRSAREA> NEWPORT VIC 3015 AUS",
			"usageTypeCdGeo": "POS",
			"standardAddressValueGeo": "26 JUNCTION STREET NEWPORT VIC 3015 AU",
			"lotIdGeo": "",
			"unitTypeAbbreviationGeo": "",
			"unitIdGeo": "",
			"levelTypeAbbreviationGeo": "",
			"levelIdGeo": "",
			"roadFirstPartIdGeo": "26",
			"roadSecondPartIdGeo": "",
			"roadNameGeo": "JUNCTION",
			"roadTypeAbbreviationGeo": "STREET",
			"roadSuffixAbbreviationGeo": "",
			"addressSiteNameGeo": "",
			"localityNameGeo": "NEWPORT",
			"stateCdGeo": "VIC",
			"postalCdGeo": "3015",
			"countryCdGeo": "AU",
			"postalDeliveryTypeAbbreviationGeo": "",
			"postalDeliveryIdGeo": "",
			"deliveryPointIdGeo": "",
			"addressSitePID": "420955862",
			"addressDetailPID": "GAVIC420812832",
			"streetLocalityPID": "VIC1981976",
			"localityPID": "VIC1930",
			"statePID": "2",
			"effectiveStartDt": "2006-01-01"
		}, {
			"masterEntityId": "{{request.path.[3]}}",
			"sourceEntityId": "732560948",
			"sourceSystemCd": "ASIC",
			"sourceEntityAddressId": "895055752",
			"addressMatchKeyCd": "A01F",
			"addressSiteLatitude": "-37.835380000000000",
			"addressSiteLongitude": "144.879637000000000",
			"streetLocalityPointLatitude": "-37.835405190000000",
			"streetLocalityPointLongitude": "144.878303410000000",
			"localityPointLatitude": "-37.843600550000000",
			"localityPointLongitude": "144.880448570000000",
			"usageTypeCd": "POS",
			"standardAddressValue": "26 JUNCTION STREET NEWPORT VIC 3015 AU",
			"lotId": "",
			"unitTypeAbbreviation": "",
			"unitId": "",
			"levelTypeAbbreviation": "",
			"levelId": "",
			"roadFirstPartId": "26",
			"roadSecondPartId": "",
			"roadName": "JUNCTION",
			"roadTypeAbbreviation": "STREET",
			"roadSuffixAbbreviation": "",
			"addressSiteName": "",
			"localityName": "NEWPORT",
			"stateCd": "VIC",
			"postalCd": "3015",
			"countryCd": "AU",
			"administrationArea": "",
			"supraAdministrationArea": "",
			"subAdministrationArea": "",
			"postalDeliveryTypeAbbreviation": "",
			"postalDeliveryId": "",
			"deliveryPointId": "",
			"unparsedAddress": "",
			"identifiedContactValue": "<ADDRSLINE> 26 JUNCTION ST <ADDRSAREA> NEWPORT VIC 3015",
			"usageTypeCdGeo": "POS",
			"standardAddressValueGeo": "26 JUNCTION STREET NEWPORT VIC 3015 AU",
			"lotIdGeo": "",
			"unitTypeAbbreviationGeo": "",
			"unitIdGeo": "",
			"levelTypeAbbreviationGeo": "",
			"levelIdGeo": "",
			"roadFirstPartIdGeo": "26",
			"roadSecondPartIdGeo": "",
			"roadNameGeo": "JUNCTION",
			"roadTypeAbbreviationGeo": "STREET",
			"roadSuffixAbbreviationGeo": "",
			"addressSiteNameGeo": "",
			"localityNameGeo": "NEWPORT",
			"stateCdGeo": "VIC",
			"postalCdGeo": "3015",
			"countryCdGeo": "AU",
			"postalDeliveryTypeAbbreviationGeo": "",
			"postalDeliveryIdGeo": "",
			"deliveryPointIdGeo": "",
			"addressSitePID": "420955862",
			"addressDetailPID": "GAVIC420812832",
			"streetLocalityPID": "VIC1981976",
			"localityPID": "VIC1930",
			"statePID": "2",
			"effectiveStartDt": "2007-07-27"
		}, {
			"masterEntityId": "{{request.path.[3]}}",
			"sourceEntityId": "732560948",
			"sourceSystemCd": "ASIC",
			"sourceEntityAddressId": "895055752",
			"addressMatchKeyCd": "A01F",
			"addressSiteLatitude": "-37.835380000000000",
			"addressSiteLongitude": "144.879637000000000",
			"streetLocalityPointLatitude": "-37.835405190000000",
			"streetLocalityPointLongitude": "144.878303410000000",
			"localityPointLatitude": "-37.843600550000000",
			"localityPointLongitude": "144.880448570000000",
			"usageTypeCd": "POS",
			"standardAddressValue": "26 JUNCTION STREET NEWPORT VIC 3015 AU",
			"lotId": "",
			"unitTypeAbbreviation": "",
			"unitId": "",
			"levelTypeAbbreviation": "",
			"levelId": "",
			"roadFirstPartId": "26",
			"roadSecondPartId": "",
			"roadName": "JUNCTION",
			"roadTypeAbbreviation": "STREET",
			"roadSuffixAbbreviation": "",
			"addressSiteName": "",
			"localityName": "NEWPORT",
			"stateCd": "VIC",
			"postalCd": "3015",
			"countryCd": "AU",
			"administrationArea": "",
			"supraAdministrationArea": "",
			"subAdministrationArea": "",
			"postalDeliveryTypeAbbreviation": "",
			"postalDeliveryId": "",
			"deliveryPointId": "",
			"unparsedAddress": "",
			"identifiedContactValue": "<ADDRSLINE> 26 JUNCTION ST <ADDRSAREA> NEWPORT VIC 3015",
			"usageTypeCdGeo": "POS",
			"standardAddressValueGeo": "26 JUNCTION STREET NEWPORT VIC 3015 AU",
			"lotIdGeo": "",
			"unitTypeAbbreviationGeo": "",
			"unitIdGeo": "",
			"levelTypeAbbreviationGeo": "",
			"levelIdGeo": "",
			"roadFirstPartIdGeo": "26",
			"roadSecondPartIdGeo": "",
			"roadNameGeo": "JUNCTION",
			"roadTypeAbbreviationGeo": "STREET",
			"roadSuffixAbbreviationGeo": "",
			"addressSiteNameGeo": "",
			"localityNameGeo": "NEWPORT",
			"stateCdGeo": "VIC",
			"postalCdGeo": "3015",
			"countryCdGeo": "AU",
			"postalDeliveryTypeAbbreviationGeo": "",
			"postalDeliveryIdGeo": "",
			"deliveryPointIdGeo": "",
			"addressSitePID": "420955862",
			"addressDetailPID": "GAVIC420812832",
			"streetLocalityPID": "VIC1981976",
			"localityPID": "VIC1930",
			"statePID": "2",
			"effectiveStartDt": "2010-08-24"
		}, {
			"masterEntityId": "{{request.path.[3]}}",
			"sourceEntityId": "732560948",
			"sourceSystemCd": "ASIC",
			"sourceEntityAddressId": "895055752",
			"addressMatchKeyCd": "A01F",
			"addressSiteLatitude": "-37.835380000000000",
			"addressSiteLongitude": "144.879637000000000",
			"streetLocalityPointLatitude": "-37.835405190000000",
			"streetLocalityPointLongitude": "144.878303410000000",
			"localityPointLatitude": "-37.843600550000000",
			"localityPointLongitude": "144.880448570000000",
			"usageTypeCd": "POS",
			"standardAddressValue": "26 JUNCTION STREET NEWPORT VIC 3015 AU",
			"lotId": "",
			"unitTypeAbbreviation": "",
			"unitId": "",
			"levelTypeAbbreviation": "",
			"levelId": "",
			"roadFirstPartId": "26",
			"roadSecondPartId": "",
			"roadName": "JUNCTION",
			"roadTypeAbbreviation": "STREET",
			"roadSuffixAbbreviation": "",
			"addressSiteName": "",
			"localityName": "NEWPORT",
			"stateCd": "VIC",
			"postalCd": "3015",
			"countryCd": "AU",
			"administrationArea": "",
			"supraAdministrationArea": "",
			"subAdministrationArea": "",
			"postalDeliveryTypeAbbreviation": "",
			"postalDeliveryId": "",
			"deliveryPointId": "",
			"unparsedAddress": "",
			"identifiedContactValue": "<ADDRSLINE> 26 JUNCTION ST <ADDRSAREA> NEWPORT VIC 3015",
			"usageTypeCdGeo": "POS",
			"standardAddressValueGeo": "26 JUNCTION STREET NEWPORT VIC 3015 AU",
			"lotIdGeo": "",
			"unitTypeAbbreviationGeo": "",
			"unitIdGeo": "",
			"levelTypeAbbreviationGeo": "",
			"levelIdGeo": "",
			"roadFirstPartIdGeo": "26",
			"roadSecondPartIdGeo": "",
			"roadNameGeo": "JUNCTION",
			"roadTypeAbbreviationGeo": "STREET",
			"roadSuffixAbbreviationGeo": "",
			"addressSiteNameGeo": "",
			"localityNameGeo": "NEWPORT",
			"stateCdGeo": "VIC",
			"postalCdGeo": "3015",
			"countryCdGeo": "AU",
			"postalDeliveryTypeAbbreviationGeo": "",
			"postalDeliveryIdGeo": "",
			"deliveryPointIdGeo": "",
			"addressSitePID": "420955862",
			"addressDetailPID": "GAVIC420812832",
			"streetLocalityPID": "VIC1981976",
			"localityPID": "VIC1930",
			"statePID": "2",
			"effectiveStartDt": "2010-08-26"
		}, {
			"masterEntityId": "{{request.path.[3]}}",
			"sourceEntityId": "732560948",
			"sourceSystemCd": "ASIC",
			"sourceEntityAddressId": "908366144",
			"addressMatchKeyCd": "A01F",
			"addressSiteLatitude": "-37.804189000000000",
			"addressSiteLongitude": "144.884028000000000",
			"streetLocalityPointLatitude": "-37.808146740000000",
			"streetLocalityPointLongitude": "144.883496210000000",
			"localityPointLatitude": "-37.808854680000000",
			"localityPointLongitude": "144.879432030000000",
			"usageTypeCd": "POS",
			"standardAddressValue": "8 QUEENSVILLE STREET KINGSVILLE VIC 3012 AU",
			"lotId": "",
			"unitTypeAbbreviation": "",
			"unitId": "",
			"levelTypeAbbreviation": "",
			"levelId": "",
			"roadFirstPartId": "8",
			"roadSecondPartId": "",
			"roadName": "QUEENSVILLE",
			"roadTypeAbbreviation": "STREET",
			"roadSuffixAbbreviation": "",
			"addressSiteName": "",
			"localityName": "KINGSVILLE",
			"stateCd": "VIC",
			"postalCd": "3012",
			"countryCd": "AU",
			"administrationArea": "",
			"supraAdministrationArea": "",
			"subAdministrationArea": "",
			"postalDeliveryTypeAbbreviation": "",
			"postalDeliveryId": "",
			"deliveryPointId": "",
			"unparsedAddress": "",
			"identifiedContactValue": "<ADDRSLINE> 8 QUEENSVILLE ST <ADDRSAREA> KINGSVILLE VIC 3012",
			"usageTypeCdGeo": "POS",
			"standardAddressValueGeo": "8 QUEENSVILLE STREET KINGSVILLE VIC 3012 AU",
			"lotIdGeo": "",
			"unitTypeAbbreviationGeo": "",
			"unitIdGeo": "",
			"levelTypeAbbreviationGeo": "",
			"levelIdGeo": "",
			"roadFirstPartIdGeo": "8",
			"roadSecondPartIdGeo": "",
			"roadNameGeo": "QUEENSVILLE",
			"roadTypeAbbreviationGeo": "STREET",
			"roadSuffixAbbreviationGeo": "",
			"addressSiteNameGeo": "",
			"localityNameGeo": "KINGSVILLE",
			"stateCdGeo": "VIC",
			"postalCdGeo": "3012",
			"countryCdGeo": "AU",
			"postalDeliveryTypeAbbreviationGeo": "",
			"postalDeliveryIdGeo": "",
			"deliveryPointIdGeo": "",
			"addressSitePID": "421487963",
			"addressDetailPID": "GAVIC421337896",
			"streetLocalityPID": "VIC2026012",
			"localityPID": "VIC1360",
			"statePID": "2",
			"effectiveStartDt": "2007-07-27"
		}
	],
	"totalrecords": 7
}

  }
}