{
  "request" : {
    "urlPattern" : "/DataServices/CargoService/resources/airCargoDetails/(.*)",
    "method" : "GET"
  },
  "response" : {
    "status" : 200,
    "headers": {
            "Content-Type": "application/json",
            "Cache-Control": "no-cache"
        },
    "jsonBody" : {
	"getAirCargoDetailInformationResponse": [{
            "masterBillNbr" : "9624897512363",
            "subMasterBillNbr": "97387544",
            "houseBillNbr": "936239755",
            "flightNbr": "SQ197",
            "uniqueConsignmentRefNbr": "936239755",
            "specialReporterNbr": "SR863532",
            "transhipmentNbr": "T8683425",
            "arrivalDate": "2014-06-30",
            "dischargePortCode": "AUSYD",
            "destinationPortCode": "AUSYD",
            "firstAusPortCode": "AUSYD",
            "originalLoadingPortCode": "BRCPQ",
            "waybillOriginPortCode": "BRCPQ",
            "overseasRoutingPortCode": "SIN",
            "reportedBy": "4387587847385 DHL EXPRESS (AUSTRALIA)",
            "responsibleParty": "4387587847385 DHL EXPRESS (AUSTRALIA)",
            "consignee": "JOHN SMITH 6 CHAN STREET BELCONNEN ACT",
            "consignor": "SMITH JOHN 26 CHANG STREET SINGAPORE",
            "notifyParty": "",
            "goodsDescr": "DOCUMENTS",
            "nbrOfPackages": "1",
            "grossWeightQuantity": "0.5",
            "grossWeightUnit": "KG",
            "consolidatedCargoStatusCode": "HELD",
            "declaredValueOfGoods": "NDV",
            "declaredValueOfGoodsCurrencyCode": "AUD",
            "freightForwarderInd": "N",
            "freightMethodOfPayment": "PO",
            "reportableDocumentsInd": "Y",
            "selfAssessedClearanceDeclarationInd": "Y",
            "personalEffectsInd": "N",
            "partShipmentInd": "Y",
            "transitInd": "N",
            "createdPartInd": "N"
		}
	],
	"totalrecords": 1
}
  }
}