{
  "priority": 99,
  "request" : {
    "urlPattern" : "/DataServices/resources/masterEntitySource/([0-9]*)\\?(.*)",
    "method" : "GET"
  },
  "response" : {
    "status" : 200,
    "headers": {
            "Content-Type": "application/json",
            "Cache-Control": "no-cache"
        },
    "jsonBody" : {
	"getMasterEntitySourceResponse": [{
			"masterEntityId": "{{request.path.[3]}}",
			"sourceEntityId": "604455673",
			"masterSourceSystemCd": "EROLL",
			"masterSourceObjectTypeCd": "EROLL_IND",
			"masterSourceKeyValue": "24470460",
			"MDMProfileName": "IND_NM_ADRS",
			"masteredIndicator": "Y",
			"MDMMatchScorePercent": "96",
			"sourceSystemCd": "ABR",
			"sourceObjectTypeCd": "ABR_AGENCY_IND",
			"sourceKeyValue": "8404",
			"sourceRelatedKeyValue": "8404",
			"masterEntityNameID": "34367802",
			"masterEntityAddressID": "34367803",
			"masterEntityCredentialID": "",
			"masterEntityEmailID": "",
			"masterEntityPhoneID": "",
			"sourceEntityNameId": "713541715",
			"sourceEntityAddressId": "669245190",
			"sourceEntityCredentialId": "",
			"sourceEntityEmailId": "",
			"sourceEntityPhoneId": "",
			"masterValidStartTmstmp": "2015-04-01 15:51:25.780000",
			"sourceValidStartTmstmp": "2006-01-01 00:00:00.000000",
			"CDLStartTmstmp": "2016-09-16 15:07:25.900000"
		}, {
			"masterEntityId": "{{request.path.[3]}}",
			"sourceEntityId": "732560948",
			"masterSourceSystemCd": "EROLL",
			"masterSourceObjectTypeCd": "EROLL_IND",
			"masterSourceKeyValue": "24470460",
			"MDMProfileName": "IND_BIO_NM_ADRS",
			"masteredIndicator": "Y",
			"MDMMatchScorePercent": "100",
			"sourceSystemCd": "ASIC",
			"sourceObjectTypeCd": "ASIC_IND",
			"sourceKeyValue": "16794911",
			"sourceRelatedKeyValue": "16794911",
			"masterEntityNameID": "34367802",
			"masterEntityAddressID": "34367803",
			"masterEntityCredentialID": "",
			"masterEntityEmailID": "",
			"masterEntityPhoneID": "",
			"sourceEntityNameId": "1006361313",
			"sourceEntityAddressId": "895055752",
			"sourceEntityCredentialId": "",
			"sourceEntityEmailId": "",
			"sourceEntityPhoneId": "",
			"masterValidStartTmstmp": "2015-04-01 15:51:25.780000",
			"sourceValidStartTmstmp": "2007-07-27 00:00:00.000000",
			"CDLStartTmstmp": "2016-09-16 18:01:33.310000"
		}, {
			"masterEntityId": "{{request.path.[3]}}",
			"sourceEntityId": "{{request.path.[3]}}",
			"masterSourceSystemCd": "EROLL",
			"masterSourceObjectTypeCd": "EROLL_IND",
			"masterSourceKeyValue": "24470460",
			"MDMProfileName": "InitLd_RefData_DIRECT_MST",
			"masteredIndicator": "Y",
			"MDMMatchScorePercent": "",
			"sourceSystemCd": "EROLL",
			"sourceObjectTypeCd": "EROLL_IND",
			"sourceKeyValue": "24470460",
			"sourceRelatedKeyValue": "24470460",
			"masterEntityNameID": "",
			"masterEntityAddressID": "",
			"masterEntityCredentialID": "",
			"masterEntityEmailID": "",
			"masterEntityPhoneID": "",
			"sourceEntityNameId": "",
			"sourceEntityAddressId": "",
			"sourceEntityCredentialId": "",
			"sourceEntityEmailId": "",
			"sourceEntityPhoneId": "",
			"masterValidStartTmstmp": "2015-04-01 15:51:25.780000",
			"sourceValidStartTmstmp": "2015-04-01 15:51:25.780000",
			"CDLStartTmstmp": "2016-09-16 08:55:54.000000"
		}, {
			"masterEntityId": "{{request.path.[3]}}",
			"sourceEntityId": "746788568",
			"masterSourceSystemCd": "EROLL",
			"masterSourceObjectTypeCd": "EROLL_IND",
			"masterSourceKeyValue": "24470460",
			"MDMProfileName": "IND_BIO_NM_CRED",
			"masteredIndicator": "Y",
			"MDMMatchScorePercent": "91",
			"sourceSystemCd": "IAT",
			"sourceObjectTypeCd": "IAT_PAX",
			"sourceKeyValue": "0003500491",
			"sourceRelatedKeyValue": "0003500491",
			"masterEntityNameID": "34367802",
			"masterEntityAddressID": "",
			"masterEntityCredentialID": "1079844132",
			"masterEntityEmailID": "",
			"masterEntityPhoneID": "",
			"sourceEntityNameId": "896845850",
			"sourceEntityAddressId": "",
			"sourceEntityCredentialId": "1022194506",
			"sourceEntityEmailId": "",
			"sourceEntityPhoneId": "",
			"masterValidStartTmstmp": "2015-04-01 15:51:25.780000",
			"sourceValidStartTmstmp": "2005-11-22 11:45:24.000000",
			"CDLStartTmstmp": "2016-09-20 05:38:40.720000"
		}, {
			"masterEntityId": "{{request.path.[3]}}",
			"sourceEntityId": "1493584953",
			"masterSourceSystemCd": "ICS",
			"masterSourceObjectTypeCd": "ICS_CLNT",
			"masterSourceKeyValue": "642531359192207",
			"MDMProfileName": "LEFTOVER - NEW ROW",
			"masteredIndicator": "N",
			"MDMMatchScorePercent": "",
			"sourceSystemCd": "ICS",
			"sourceObjectTypeCd": "ICS_CLNT",
			"sourceKeyValue": "642531359192207",
			"sourceRelatedKeyValue": "642531359192207",
			"masterEntityNameID": "34367802",
			"masterEntityAddressID": "",
			"masterEntityCredentialID": "",
			"masterEntityEmailID": "",
			"masterEntityPhoneID": "",
			"sourceEntityNameId": "149358495312",
			"sourceEntityAddressId": "",
			"sourceEntityCredentialId": "",
			"sourceEntityEmailId": "",
			"sourceEntityPhoneId": "",
			"masterValidStartTmstmp": "2017-01-22 19:19:53.135073",
			"sourceValidStartTmstmp": "2017-01-22 19:19:53.135073",
			"CDLStartTmstmp": "2017-04-11 17:25:40.340000"
		}, {
			"masterEntityId": "{{request.path.[3]}}",
			"sourceEntityId": "280514359",
			"masterSourceSystemCd": "BAGS",
			"masterSourceObjectTypeCd": "BAGS_CLNT",
			"masterSourceKeyValue": "N7107645|AUS|19880121|M",
			"MDMProfileName": "LEFTOVER - NEW ROW",
			"masteredIndicator": "N",
			"MDMMatchScorePercent": "",
			"sourceSystemCd": "BAGS",
			"sourceObjectTypeCd": "BAGS_CLNT",
			"sourceKeyValue": "N7107645|AUS|19880121|M",
			"sourceRelatedKeyValue": "N7107645|AUS|19880121|M",
			"masterEntityNameID": "34367802",
			"masterEntityAddressID": "",
			"masterEntityCredentialID": "",
			"masterEntityEmailID": "",
			"masterEntityPhoneID": "",
			"sourceEntityNameId": "28051435912",
			"sourceEntityAddressId": "",
			"sourceEntityCredentialId": "",
			"sourceEntityEmailId": "",
			"sourceEntityPhoneId": "",
			"masterValidStartTmstmp": "2017-01-22 19:19:53.135073",
			"sourceValidStartTmstmp": "2017-01-22 19:19:53.135073",
			"CDLStartTmstmp": "2017-04-11 17:25:40.340000"
		}, {
			"masterEntityId": "{{request.path.[3]}}",
			"sourceEntityId": "1362633444",
			"masterSourceSystemCd": "DGMS",
			"masterSourceObjectTypeCd": "DGMS_CLNT",
			"masterSourceKeyValue": "677034",
			"MDMProfileName": "LEFTOVER - NEW ROW",
			"masteredIndicator": "N",
			"MDMMatchScorePercent": "",
			"sourceSystemCd": "DGMS",
			"sourceObjectTypeCd": "DGMS_CLNT",
			"sourceKeyValue": "677034",
			"sourceRelatedKeyValue": "677034",
			"masterEntityNameID": "34367802",
			"masterEntityAddressID": "",
			"masterEntityCredentialID": "",
			"masterEntityEmailID": "",
			"masterEntityPhoneID": "",
			"sourceEntityNameId": "136263344412",
			"sourceEntityAddressId": "",
			"sourceEntityCredentialId": "",
			"sourceEntityEmailId": "",
			"sourceEntityPhoneId": "",
			"masterValidStartTmstmp": "2017-01-22 19:19:53.135073",
			"sourceValidStartTmstmp": "2017-01-22 19:19:53.135073",
			"CDLStartTmstmp": "2017-04-11 17:25:40.340000"
		},
		{
			"masterEntityId": "{{request.path.[3]}}",
			"sourceEntityId": "1362633445",
			"masterSourceSystemCd": "EXAMS",
			"masterSourceObjectTypeCd": "EXAMS",
			"masterSourceKeyValue": "677034",
			"MDMProfileName": "LEFTOVER - NEW ROW",
			"masteredIndicator": "N",
			"MDMMatchScorePercent": "",
			"sourceSystemCd": "EXAM",
			"sourceObjectTypeCd": "EXAMS",
			"sourceKeyValue": "677034",
			"sourceRelatedKeyValue": "677034",
			"masterEntityNameID": "34367802",
			"masterEntityAddressID": "",
			"masterEntityCredentialID": "",
			"masterEntityEmailID": "",
			"masterEntityPhoneID": "",
			"sourceEntityNameId": "136263344412",
			"sourceEntityAddressId": "",
			"sourceEntityCredentialId": "",
			"sourceEntityEmailId": "",
			"sourceEntityPhoneId": "",
			"masterValidStartTmstmp": "2017-01-22 19:19:53.135073",
			"sourceValidStartTmstmp": "2017-01-22 19:19:53.135073",
			"CDLStartTmstmp": "2017-04-11 17:25:40.340000"
		}, {
			"masterEntityId": "{{request.path.[3]}}",
			"sourceEntityId": "1362633446",
			"masterSourceSystemCd": "EROLL",
			"masterSourceObjectTypeCd": "EROLL_IND",
			"masterSourceKeyValue": "24470460",
			"MDMProfileName": "IND_BIO_NM_CRED",
			"masteredIndicator": "Y",
			"MDMMatchScorePercent": "91",
			"sourceSystemCd": "IATA",
			"sourceObjectTypeCd": "IATA_PAX",
			"sourceKeyValue": "000435455500491",
			"sourceRelatedKeyValue": "000435455500491",
			"masterEntityNameID": "34367802",
			"masterEntityAddressID": "",
			"masterEntityCredentialID": "1079844132",
			"masterEntityEmailID": "",
			"masterEntityPhoneID": "",
			"sourceEntityNameId": "12896845850",
			"sourceEntityAddressId": "",
			"sourceEntityCredentialId": "1022194506",
			"sourceEntityEmailId": "",
			"sourceEntityPhoneId": "",
			"masterValidStartTmstmp": "2015-04-01 15:51:25.780000",
			"sourceValidStartTmstmp": "2005-11-22 11:45:24.000000",
			"CDLStartTmstmp": "2016-09-20 05:38:40.720000"
		}, {
			"masterEntityId": "{{request.path.[3]}}",
			"sourceEntityId": "1362633447",
			"masterSourceSystemCd": "EROLL",
			"masterSourceObjectTypeCd": "EROLL_IND",
			"masterSourceKeyValue": "24470460",
			"MDMProfileName": "IND_BIO_NM_CRED",
			"masteredIndicator": "Y",
			"MDMMatchScorePercent": "91",
			"sourceSystemCd": "INTCP",
			"sourceObjectTypeCd": "INTCP_PAX",
			"sourceKeyValue": "000435455500491",
			"sourceRelatedKeyValue": "000435455500491",
			"masterEntityNameID": "34367802",
			"masterEntityAddressID": "",
			"masterEntityCredentialID": "1079844132",
			"masterEntityEmailID": "",
			"masterEntityPhoneID": "",
			"sourceEntityNameId": "12896845850",
			"sourceEntityAddressId": "",
			"sourceEntityCredentialId": "1022194506",
			"sourceEntityEmailId": "",
			"sourceEntityPhoneId": "",
			"masterValidStartTmstmp": "2015-04-01 15:51:25.780000",
			"sourceValidStartTmstmp": "2005-11-22 11:45:24.000000",
			"CDLStartTmstmp": "2016-09-20 05:38:40.720000"
		}
	],
	"totalrecords": 9
}


  }
}