{
  "priority": 99,
  "request" : {
    "urlPattern" : "/DataServices/VRAService/v1/resources/ClientRiskSummary",
    "method" : "POST"
  },
  "response" : {
    "status" : 200,
    "headers": {
        "Content-Type": "application/json",
        "Cache-Control": "no-cache"
    },
    "jsonBody" : {
        "getClientRiskSummaryResponse": [{
            "sourceClientId": "48378344",
            "permissionRequestId": "1945502407",
            "clientRiskLevelCode": "HIGH",
            "clientRiskPerformedTimestamp": "1999-11-01T12:56:12.164+11:00",
            "applicationStageCode": "PRE",
            "visaSubClassCode": "600",
            "visaStreamCode": "08",
            "visaClassCode": "PR",
            "clientRole": "MA",
            "clientLocationCode": "OFFSHORE",
            "clientName": "RAMAN, Khan",
            "clientGenderCode": "F",
            "sourceClientNameVDS": "",
            "clientBirthDateVDS": "1972-02-23",
            "clientGenderCodeVDS": ""
        }, {
            "sourceClientId": "48378344",
            "permissionRequestId": "1945502407",
            "clientRiskLevelCode": "LOW",
            "clientRiskPerformedTimestamp": "2002-06-01T10:12:12.164+10:00",
            "applicationStageCode": "PRE",
            "visaSubClassCode": "980",
            "visaStreamCode": "08",
            "visaClassCode": "ZR",
            "clientRole": "MA",
            "clientLocationCode": "OFFSHORE",
            "clientName": "RAMAN, Khan",
            "clientGenderCode": "F",
            "sourceClientNameVDS": "",
            "clientBirthDateVDS": "1972-02-23",
            "clientGenderCodeVDS": ""
        }],
        "totalrecords": 1,
        "Return Code": "0",
        "Return Msg": "SUCCESS"
    }
  }
}
