{
  "priority": 99,
  "request" : {
    "urlPattern" : "/DataServices/VRAService/v1/resources/ApplicationClientRiskSummary/([0-9]*)",
    "method" : "GET"
  },
  "response" : {
    "status" : 200,
    "headers": {
        "Content-Type": "application/json",
        "Cache-Control": "no-cache"
    },
    "jsonBody" : {
        "getApplicationClientRiskSummaryResponse": [{
            "clientId": "48378344",
            "sourceClientName": "RAMAN, Khan",
            "clientBirthDate": "1960-04-18",
            "clientGenderCode": "F",
            "clientCitzenshipCountryCode": "MA",
            "clientRiskLevelCode": "HIGH",
            "clientRole": "MA",
            "clientLocationCode": "OFFSHORE",
            "applicationOutcomeCode": "GR"
        }, {
            "clientId": "483765382",
            "sourceClientName": "SAMAN, Khan",
            "clientBirthDate": "1975-04-28",
            "clientGenderCode": "M",
            "clientCitzenshipCountryCode": "MA",
            "clientRiskLevelCode": "LOW",
            "clientRole": "DA",
            "clientLocationCode": "OFFSHORE",
            "applicationOutcomeCode": "GR"
        }],
        "totalrecords": 2,
        "Return Code": "0",
        "Return Msg": "SUCCESS"
    }
  }
}
