{
  "priority": 99,
  "request" : {
    "urlPattern" : "/DataServices/VRAService/v1/resources/ClientRiskOverview/([0-9]*)",
    "method" : "GET"
  },
  "response" : {
    "status" : 200,
    "headers": {
        "Content-Type": "application/json",
        "Cache-Control": "no-cache"
    },
    "jsonBody" : {
        "getClientRiskOverviewResponse": [{
            "sourceClientId": "{{request.path.[5]}}",
            "permissionRequestId": "1945502407",
            "applicationTypeCode": "VISA",
            "clientRoleTypeDesc": "Main Applicant",
            "clientRiskLevelCode": "HIGH",
            "clientRiskPerformedTimestamp": "1999-11-12T12:34:56.035+11:00",
            "applicationStageCode": "PRE",
            "visaSubClassCode": "600",
            "visaStreamCode": "Q",
            "eventTypeCode": "",
            "clientLocationCode": "OFF_SHORE",
            "applicationOutcomeCode": "GR",
            "clientName": "RAMAN, Khan",
            "clientBirthDate": "1978-02-12",
            "clientGenderCode": "F",
            "clientNameVds": "",
            "clientBirthDateVds": "",
            "clientGenderCodeVds": ""
        }, 
		{
            "sourceClientId": "{{request.path.[5]}}",
            "permissionRequestId": "4545502465",
            "applicationTypeCode": "VISA",
            "clientRoleTypeDesc": "Dependent Applicant",
            "clientRiskLevelCode": "HIGH",
            "clientRiskPerformedTimestamp": "2008-02-01T04:40:09.346+11:00",
            "applicationStageCode": "PRE",
            "visaSubClassCode": "600",
            "visaStreamCode": "Q",
            "eventTypeCode": "",
            "clientLocationCode": "OFF_SHORE",
            "applicationOutcomeCode": "GR",
            "clientName": "RAMAN, Khan",
            "clientBirthDate": "1978-02-12",
            "clientGenderCode": "F",
            "clientNameVds": "",
            "clientBirthDateVds": "",
            "clientGenderCodeVds": ""
        },
		{
            "sourceClientId": "{{request.path.[5]}}",
            "permissionRequestId": "1945502406",
            "applicationTypeCode": "VISA",
            "clientRoleTypeDesc": "Main Applicant",
            "clientRiskLevelCode": "LOW",
            "clientRiskPerformedTimestamp": "2002-11-20T09:12:45.098+11:00",
            "applicationStageCode": "POST",
            "visaSubClassCode": "600",
            "visaStreamCode": "Q",
            "eventTypeCode": "",
            "clientLocationCode": "OFF_SHORE",
            "applicationOutcomeCode": "GR",
            "clientName": "RAMAN, Khan",
            "clientBirthDate": "1978-02-12",
            "clientGenderCode": "F",
            "clientNameVds": "",
            "clientBirthDateVds": "",
            "clientGenderCodeVds": ""
        },
		{
            "sourceClientId": "{{request.path.[5]}}",
            "permissionRequestId": "3945502407",
            "applicationTypeCode": "VISA",
            "clientRoleTypeDesc": "Main Applicant",
            "clientRiskLevelCode": "LOW",
            "clientRiskPerformedTimestamp": "2011-04-30T07:45:50.567+11:00",
            "applicationStageCode": "POST",
            "visaSubClassCode": "600",
            "visaStreamCode": "Q",
            "eventTypeCode": "",
            "clientLocationCode": "OFF_SHORE",
            "applicationOutcomeCode": "GR",
            "clientName": "RAMAN, Khan",
            "clientBirthDate": "1978-02-12",
            "clientGenderCode": "F",
            "clientNameVds": "",
            "clientBirthDateVds": "",
            "clientGenderCodeVds": ""
        }],
        "totalrecords": 2,
        "Return Code": "0",
        "Return Msg": "SUCCESS"
    }
  }
}
