{
  "priority": 1,
  "request" : {
    "urlPattern" : "/DataServices/resources/iatFlightList",
    "method" : "POST",
    "bodyPatterns" : [ {
       "matchesJsonPath" : "$.[?(@.routeId =~ /SQ221.*/i)]"
    } ]    
  },
  "response" : {
    "status" : 200,
    "headers": {
            "Content-Type": "application/json",
            "Cache-Control": "no-cache"
        },
    "jsonBody" : {
	"getIATFlightListResponse": [{
			"iatTravellerId": "0076323595",
			"aliasSequenceNbr": "1",
			"birthDate": "1967-09-10",
			"sexCode": "M",
			"familyName": "SMITH",
			"givenNames": "ADAM",
			"travelDocID": "M7089026",
			"travelDocCountryCode": "AUS ",
			"routeId": "VA188   ",
			"fullRoutingText": "LAX-KUL-SYD",
			"localPortCode": "SYD",
			"localScheduledDate": "2015-09-23",
			"directionCode": "I",
			"actualMovementNbr": "4867984954534",
			"checkInPortCode": "LAX",
			"expectedMovementNbr": "98475634134545",
			"movementDate": "2015-09-23",
			"movementStatusCode": "A",
			"movementTime": "20:13:27",
			"movementHistoryInd": "N",
			"visaIdentifyingNbr": "438745986645243",
			"visaSubClassCode": "600",
			"passengerCrewCode": "P",
			"postMovementInd": "N",
			"referralReasonCode": "",
			"travelDocSequenceNbr": "1",
			"sourceSystemCode": "IAT",
			"travellerMovementTypeCode": "A",
            "expectedOrActualTripCode": "E",
            "birthCountry": "BEL",
            "visaId": "4987492545434",
            "visaGrantDate": "2016-05-02",
            "alertInd": "Y",
            "movementRaceID": "425243543",
            "userID": "xdiuj",
            "examForTravellerInd": "Y",
            "examForTravellerCount": "2",
            "positiveFindForTravellerInd": "Y",
            "positiveFindForTravellerCount": "2"
		}, {
			"iatTravellerId": "9473875773",
			"aliasSequenceNbr": "1",
			"birthDate": "1978-01-12",
			"sexCode": "M",
			"familyName": "JONES",
			"givenNames": "SCOTT",
			"travelDocID": "X4564658",
			"travelDocCountryCode": "AUS ",
			"routeId": "VA188   ",
			"fullRoutingText": "LAX-KUL-SYD",
			"localPortCode": "SYD",
			"localScheduledDate": "2015-09-23",
			"directionCode": "I",
			"actualMovementNbr": "4867984786876",
			"checkInPortCode": "LAX",
			"expectedMovementNbr": "98467467873455",
			"movementDate": "2015-09-23",
			"movementStatusCode": "A",
			"movementTime": "20:13:27",
			"movementHistoryInd": "N",
			"visaIdentifyingNbr": "438775467878786",
			"visaSubClassCode": "700",
			"passengerCrewCode": "P",
			"postMovementInd": "N",
			"referralReasonCode": "",
			"travelDocSequenceNbr": "1",
			"sourceSystemCode": "IAT",
			"travellerMovementTypeCode": "A",
            "expectedOrActualTripCode": "E",
            "birthCountry": "BEL",
            "visaId": "4987445245454",
            "visaGrantDate": "2016-05-02",
            "alertInd": "Y",
            "movementRaceID": "425868877",
            "userID": "xdiuj",
            "examForTravellerInd": "Y",
            "examForTravellerCount": "1",
            "positiveFindForTravellerInd": "N",
            "positiveFindForTravellerCount": "0"
		}, {
			"iatTravellerId": "7568745773",
			"aliasSequenceNbr": "1",
			"birthDate": "1978-01-12",
			"sexCode": "M",
			"familyName": "JACKSON",
			"givenNames": "SCOTT",
			"travelDocID": "X4564658",
			"travelDocCountryCode": "AUS ",
			"routeId": "VA188   ",
			"fullRoutingText": "LAX-KUL-SYD",
			"localPortCode": "SYD",
			"localScheduledDate": "2015-09-23",
			"directionCode": "I",
			"actualMovementNbr": "4867984786876",
			"checkInPortCode": "LAX",
			"expectedMovementNbr": "98467467873455",
			"movementDate": "2015-09-23",
			"movementStatusCode": "A",
			"movementTime": "20:13:27",
			"movementHistoryInd": "N",
			"visaIdentifyingNbr": "438775467878786",
			"visaSubClassCode": "700",
			"passengerCrewCode": "P",
			"postMovementInd": "N",
			"referralReasonCode": "",
			"travelDocSequenceNbr": "1",
			"sourceSystemCode": "IAT",
			"travellerMovementTypeCode": "A",
            "expectedOrActualTripCode": "E",
            "birthCountry": "BEL",
            "visaId": "4987445245454",
            "visaGrantDate": "2016-05-02",
            "alertInd": "Y",
            "movementRaceID": "425868877",
            "userID": "xdiuj",
            "examForTravellerInd": "Y",
            "examForTravellerCount": "1",
            "positiveFindForTravellerInd": "N",
            "positiveFindForTravellerCount": "0"
		}
	],
	"totalrecords": 3
}
  }
}