{
  "priority": 99,
  "request" : {
    "urlPattern" : "/DataServices/resources/masterEntitySource/([0-9]*)/EntityCredential\\?(.*)",
    "method" : "GET"
  },
  "response" : {
    "status" : 200,
    "headers": {
            "Content-Type": "application/json",
            "Cache-Control": "no-cache"
        },
    "jsonBody" : {
	"getMasterEntitySourceEntityCredentialResponse": [{
			"masterEntityId": "{{request.path.[3]}}",
			"sourceEntityId": "604455673",
			"sourceSystemCd": "ABR",
			"sourceEntityCredentialId": "615939855",
			"credentialTypeCd": "ABN",
			"credentialValue": "11050292579",
			"internalIndicator": "N",
			"credentialCountryCd": "AUS",
			"issuingCountryCd": "AUS",
			"issuingAuthorityCd": "ABR",
			"effectiveStartDt": "2006-01-01"
		}, {
			"masterEntityId": "{{request.path.[3]}}",
			"sourceEntityId": "746788568",
			"sourceSystemCd": "IAT",
			"sourceEntityCredentialId": "869896102",
			"credentialTypeCd": "TD",
			"credentialValue": "H147374",
			"internalIndicator": "N",
			"credentialCountryCd": "AUS",
			"issuingCountryCd": "",
			"issuingAuthorityCd": "",
			"effectiveStartDt": "2005-11-20"
		}, {
			"masterEntityId": "{{request.path.[3]}}",
			"sourceEntityId": "746788568",
			"sourceSystemCd": "IAT",
			"sourceEntityCredentialId": "983865313",
			"credentialTypeCd": "TD",
			"credentialValue": "L0907145",
			"internalIndicator": "N",
			"credentialCountryCd": "AUS",
			"issuingCountryCd": "",
			"issuingAuthorityCd": "",
			"effectiveStartDt": "2007-05-25"
		}, {
			"masterEntityId": "{{request.path.[3]}}",
			"sourceEntityId": "746788568",
			"sourceSystemCd": "IAT",
			"sourceEntityCredentialId": "1022194506",
			"credentialTypeCd": "TD",
			"credentialValue": "M7029872",
			"internalIndicator": "N",
			"credentialCountryCd": "AUS",
			"issuingCountryCd": "",
			"issuingAuthorityCd": "",
			"effectiveStartDt": "2008-01-28"
		}
	],
	"totalrecords": 4
}


  }
}