{
  "priority": 1,
  "request" : {
    "url" : "/DataServices/resources/entitysearch",
    "method" : "POST",
		"bodyPatterns" : [ 
			{ "contains" : "Mr Error" }		
		]
  },
  "response" : {
    "status" : 200,
    "headers": {
            "Content-Type": "application/json",
            "Cache-Control": "no-cache"
        },
    "jsonBody" : {
	  "status" : "400",
		"errors" : {
			"code" : "3001",
			"message" : "",
			"developer_message" : "it is broken"
        }
	}
  }
}