{
  "request" : {
    "urlPattern" : "/DataServices/resources/bagsSummary",
    "method" : "POST"
  },
  "response" : {
    "status" : 200,
    "headers": {
            "Content-Type": "application/json",
            "Cache-Control": "no-cache"
        },
    "jsonBody" : {
	"getBagsExamSummaryResponse": [{
			"travelDocNbr": "N7107645",
			"travelDocCntryCode": "AUS",
			"birthDate": "1988-01-21",
			"sexCode": "M",
			"craftMovementNumber": "JQ58    ",
			"craftMovementDate": "2013-12-04",
			"portCode": "DRW       ",
			"directionCode": "I",
			"targetingMthdType": "MARSHAL   ",
			"modeOfEntryType": "BACKOFHALL",
			"findMethodType": "",
			"bagLocationType": "",
			"examinationResultType": "",
			"concealmentMthdType": "",
			"travellerType": "PASSENGER ",
			"bagsExamSeverityCategory": "NO UNDECLARED ITEMS AREFOUND",
			"resultType": "",
			"outcomeType": ""
		}, {
			"travelDocNbr": "N7107645",
			"travelDocCntryCode": "AUS",
			"birthDate": "1988-01-21",
			"sexCode": "M",
			"craftMovementNumber": "JQ58    ",
			"craftMovementDate": "2013-09-11",
			"portCode": "DRW       ",
			"directionCode": "I",
			"targetingMthdType": "MARSHAL   ",
			"modeOfEntryType": "BACKOFHALL",
			"findMethodType": "",
			"bagLocationType": "",
			"examinationResultType": "",
			"concealmentMthdType": "",
			"travellerType": "PASSENGER ",
			"bagsExamSeverityCategory": "NO UNDECLARED ITEMS AREFOUND",
			"resultType": "",
			"outcomeType": ""
		}
	],
	"totalrecords": 2
}
  }
}