{
  "priority": 99,
  "request" : {
    "urlPattern" : "/DataServices/TravellerService/resources/TravellerVisa/([0-9]*)",
    "method" : "GET"
  },
  "response" : {
    "status" : 200,
    "headers": {
            "Content-Type": "application/json",
            "Cache-Control": "no-cache"
        },
    "jsonBody" : {
	"getTravellerVisaInformationResponse": [{
            "visaIdentifyingNbr": "{{request.path.[4]}}",
            "visaID": "004524586890168504567925",
            "entriesAllowedCode": "M",
            "entriesMadeCount": "002",
            "entryExpiryDate": "2019-04-18",
            "evidenceNbr": "90476445466308X",
            "evidenceStatusCode": "C",
            "immigrationDirectiveCode": "R",
            "lastUpdateDate": "2017-02-19",
            "lawfulUntilDate": "2018-01-01",
            "migrantEntryExpiryDate": "2018-01-01",
            "multiIssuedVisaInd": "N",
            "occupationCode": "9437",
            "physicalEvidenceStatusCode": "O",
            "residenceDeptCountryCode": "BE",
            "travelDocDeptCountryCode": "AU",
            "travelDocID": "M7089026",
            "visaApplicationID": "592454745",
            "visaClassCode": "PT",
            "visaCheckCharacter": "N",
            "visaGrantDate": "2017-01-26",
            "visaGrantNbr": "90365484652904",
            "visaInformationText": "600 No Work",
            "visaIssueCountryCode": "BE",
            "visaPersonSequenceNbr": "1",
            "visaStatusCode": "E",
            "visaSubClassCode": "606",
            "sourceSystemCode": "PT"
		}
	],
	"totalrecords": 1
}
  }
}