{
  "priority": 99,
  "request" : {
    "urlPattern" : "/DataServices/TravellerService/resources/TravellerFlightList",
    "method" : "POST"
  },
  "response" : {
    "status" : 200,
    "headers": {
            "Content-Type": "application/json",
            "Cache-Control": "no-cache",
            "Access-Control-Allow-Origin" : "*"
        },
    "jsonBody" : {
	"getTravellerMovementFlightListResponse": [{
			"iatTravellerIdentifier": "0076323595",
			"aliasSequenceNbr": "1",
			"birthDate": "1967-09-10",
			"sexCode": "M",
			"familyName": "SMITH",
			"givenNames": "ADAM",
			"travelDocumentId": "M7089026",
			"travelDocCountryCode": "AUS ",
			"routeId": "VA188   ",
			"fullRoutingText": "LAX-KUL-SYD",
			"localPortCode": "SYD",
			"localScheduledDate": "2015-09-23",
			"directionCode": "I",
			"actualMovementMessageID": "4867984954534",
			"checkInPortCode": "LAX",
            "expectedMovementMessageID": "482758756452454",
			"expectedMovementNbr": "98475634134545",
			"movementDate": "2015-09-23",
			"movementStatusCode": "A",
			"movementTime": "20:13:27",
			"movementHistoryInd": "N",
			"visaIdentifyingNBR": "438745986645243",
			"visaSubClassCode": "600",
			"passengerCrewCode": "P",
			"postMovementInd": "N",
			"bagsExamReferralReasonCode": "",
			"travelDocSequenceNbr": "1",
			"sourceSystemCode": "PT",
			"travellerMovementTypeCode": "A",
            "expectedOrActualTripCode": "E",
            "birthDeptCountryCode": "BEL",
            "visaID": "4987492545434",
            "visaGrantDate": "2016-05-02",
            "alertInd": "Y",
            "movementRaceID": "A09",
            "userID": "xdiuj",
            "numberOfExamsForTheTraveller": "1",
            "positiveFindCountForTraveller": "0",
            "examinationForTravellerInd": "N",
            "positiveFindForTravellerInd": "N"
		}, {
			"iatTravellerIdentifier": "9473875773",
			"aliasSequenceNbr": "1",
			"birthDate": "1978-01-12",
			"sexCode": "M",
			"familyName": "JONES",
			"givenNames": "SCOTT",
			"travelDocumentId": "X4564658",
			"travelDocCountryCode": "AUS ",
			"routeId": "VA188   ",
			"fullRoutingText": "LAX-KUL-SYD",
			"localPortCode": "SYD",
			"localScheduledDate": "2015-09-23",
			"directionCode": "I",
			"actualMovementMessageID": "4867984786876",
			"checkInPortCode": "LAX",
            "expectedMovementMessageID": "482758756452454",
			"expectedMovementNbr": "98467467873455",
			"movementDate": "2015-09-23",
			"movementStatusCode": "A",
			"movementTime": "20:13:27",
			"movementHistoryInd": "N",
			"visaIdentifyingNBR": "438775467878786",
			"visaSubClassCode": "700",
			"passengerCrewCode": "P",
			"postMovementInd": "N",
			"bagsExamReferralReasonCode": "",
			"travelDocSequenceNbr": "1",
			"sourceSystemCode": "PT",
			"travellerMovementTypeCode": "A",
            "expectedOrActualTripCode": "E",
            "birthDeptCountryCode": "BEL",
            "visaID": "4987445245454",
            "visaGrantDate": "2016-05-02",
            "alertInd": "Y",
            "movementRaceID": "A09",
            "userID": "xdiuj",
            "numberOfExamsForTheTraveller": "1",
            "positiveFindCountForTraveller": "0",
            "examinationForTravellerInd": "N",
            "positiveFindForTravellerInd": "N"
		}, {
			"iatTravellerIdentifier": "9487484254",
			"aliasSequenceNbr": "1",
			"birthDate": "1956-12-04",
			"sexCode": "M",
			"familyName": "ADAMS",
			"givenNames": "JIMMY",
			"travelDocumentId": "N7888397",
			"travelDocCountryCode": "AUS ",
			"routeId": "VA188   ",
			"fullRoutingText": "LAX-KUL-SYD",
			"localPortCode": "SYD",
			"localScheduledDate": "2015-09-23",
			"directionCode": "I",
			"actualMovementMessageID": "4867984786876",
			"checkInPortCode": "LAX",
            "expectedMovementMessageID": "482758756452454",
			"expectedMovementNbr": "98467467873455",
			"movementDate": "2015-09-23",
			"movementStatusCode": "A",
			"movementTime": "20:13:27",
			"movementHistoryInd": "N",
			"visaIdentifyingNBR": "438775467878786",
			"visaSubClassCode": "700",
			"passengerCrewCode": "P",
			"postMovementInd": "N",
			"bagsExamReferralReasonCode": "",
			"travelDocSequenceNbr": "1",
			"sourceSystemCode": "PT",
			"travellerMovementTypeCode": "A",
            "expectedOrActualTripCode": "E",
            "birthDeptCountryCode": "BEL",
            "visaID": "4987445245454",
            "visaGrantDate": "2016-05-02",
            "alertInd": "Y",
            "movementRaceID": "A09",
            "userID": "xdiuj",
            "numberOfExamsForTheTraveller": "1",
            "positiveFindCountForTraveller": "0",
            "examinationForTravellerInd": "N",
            "positiveFindForTravellerInd": "N"
		}, {
			"iatTravellerIdentifier": "2384847478",
			"aliasSequenceNbr": "1",
			"birthDate": "1934-03-12",
			"sexCode": "M",
			"familyName": "SMITH",
			"givenNames": "JIMMY",
			"travelDocumentId": "M8375773",
			"travelDocCountryCode": "AUS ",
			"routeId": "VA188   ",
			"fullRoutingText": "LAX-KUL-SYD",
			"localPortCode": "SYD",
			"localScheduledDate": "2015-09-23",
			"directionCode": "I",
			"actualMovementMessageID": "4867984786876",
			"checkInPortCode": "LAX",
            "expectedMovementMessageID": "482758756452454",
			"expectedMovementNbr": "98467467873455",
			"movementDate": "2015-09-23",
			"movementStatusCode": "A",
			"movementTime": "20:13:27",
			"movementHistoryInd": "N",
			"visaIdentifyingNBR": "438775467878786",
			"visaSubClassCode": "700",
			"passengerCrewCode": "P",
			"postMovementInd": "N",
			"bagsExamReferralReasonCode": "",
			"travelDocSequenceNbr": "1",
			"sourceSystemCode": "PT",
			"travellerMovementTypeCode": "A",
            "expectedOrActualTripCode": "E",
            "birthDeptCountryCode": "BEL",
            "visaID": "4987445245454",
            "visaGrantDate": "2016-05-02",
            "alertInd": "Y",
            "movementRaceID": "A09",
            "userID": "xdiuj",
            "numberOfExamsForTheTraveller": "1",
            "positiveFindCountForTraveller": "0",
            "examinationForTravellerInd": "N",
            "positiveFindForTravellerInd": "N"
		}
	],
	"totalrecords": 2
}
  }
}