{
  "priority": 99,
  "request" : {
    "urlPattern" : "/DataServices/resources/masterEntitySource/([0-9]*)/Entity\\?(.*)",
    "method" : "GET"
  },
  "response" : {
    "status" : 200,
    "headers": {
            "Content-Type": "application/json",
            "Cache-Control": "no-cache"
        },
    "jsonBody" : {
	"getMasterEntitySourceEntityResponse": [{
			"masterEntityId": "{{request.path.[3]}}",
			"sourceEntityId": "{{request.path.[3]}}",
			"sourceSystemCd": "EROLL",
			"entityTypeCd": "IND",
			"sex": "MALE",
			"birthDt": "1973-02-17",
			"birthCountryCd": "",
			"effectiveStartDt": "2015-04-01"
		}, {
			"masterEntityId": "{{request.path.[3]}}",
			"sourceEntityId": "87302175345",
			"sourceSystemCd": "EROLL",
			"entityTypeCd": "IND",
			"sex": "MALE",
			"birthDt": "1973-02-17",
			"birthCountryCd": "",
			"effectiveStartDt": "2017-07-01"
		}, {
			"masterEntityId": "{{request.path.[3]}}",
			"sourceEntityId": "604455673",
			"sourceSystemCd": "ABR",
			"entityTypeCd": "IND",
			"sex": "NA",
			"birthDt": "",
			"birthCountryCd": "",
			"effectiveStartDt": "2006-01-01"
		}, {
			"masterEntityId": "{{request.path.[3]}}",
			"sourceEntityId": "732560948",
			"sourceSystemCd": "ASIC",
			"entityTypeCd": "IND",
			"sex": "NA",
			"birthDt": "1973-02-17",
			"birthCountryCd": "",
			"effectiveStartDt": "2007-07-27"
		}, {
			"masterEntityId": "{{request.path.[3]}}",
			"sourceEntityId": "746788568",
			"sourceSystemCd": "IAT",
			"entityTypeCd": "IND",
			"sex": "MALE",
			"birthDt": "1973-02-17",
			"birthCountryCd": "AUS",
			"effectiveStartDt": "2005-11-22"
		}, {
			"masterEntityId": "{{request.path.[3]}}",
			"sourceEntityId": "1493584953",
			"sourceSystemCd": "ICS",
			"entityTypeCd": "IND",
			"sex": "MALE",
			"birthDt": "1973-02-17",
			"birthCountryCd": "AUS",
			"effectiveStartDt": "2005-11-22"
		}, {
			"masterEntityId": "{{request.path.[3]}}",
			"sourceEntityId": "280514359",
			"sourceSystemCd": "BAGS",
			"entityTypeCd": "IND",
			"sex": "MALE",
			"birthDt": "1973-02-17",
			"birthCountryCd": "AUS",
			"effectiveStartDt": "2005-11-22"
		}, {
			"masterEntityId": "{{request.path.[3]}}",
			"sourceEntityId": "1362633444",
			"sourceSystemCd": "DGMS",
			"entityTypeCd": "IND",
			"sex": "MALE",
			"birthDt": "1973-02-17",
			"birthCountryCd": "AUS",
			"effectiveStartDt": "2005-11-22"
		}, {
			"masterEntityId": "{{request.path.[3]}}",
			"sourceEntityId": "1362633445",
			"sourceSystemCd": "EXAM",
			"entityTypeCd": "IND",
			"sex": "MALE",
			"birthDt": "1973-02-17",
			"birthCountryCd": "AUS",
			"effectiveStartDt": "2005-11-22"
		}, {
			"masterEntityId": "{{request.path.[3]}}",
			"sourceEntityId": "1362633446",
			"sourceSystemCd": "IATA",
			"entityTypeCd": "IND",
			"sex": "MALE",
			"birthDt": "1973-02-17",
			"birthCountryCd": "AUS",
			"effectiveStartDt": "2005-11-22"
		}, {
			"masterEntityId": "{{request.path.[3]}}",
			"sourceEntityId": "1362633447",
			"sourceSystemCd": "INTCP",
			"entityTypeCd": "IND",
			"sex": "MALE",
			"birthDt": "1973-02-17",
			"birthCountryCd": "AUS",
			"effectiveStartDt": "2005-11-22"
		}
	],
	"totalrecords": 4
}
  }
}