{
  "priority": 99,
  "request" : {
    "urlPattern" : "/DataServices/TravellerService/resources/TravellerPersonAliasInformation/([0-9]*)",
    "method" : "GET"
  },
  "response" : {
    "status" : 200,
    "headers": {
            "Content-Type": "application/json",
            "Cache-Control": "no-cache"
        },
    "jsonBody" : {
	"getTravellerPersonAliasInformationResponse": [{
            "iatTravellerID": "{{request.path.[4]}}",
            "aliasSequenceNbr": "901",
            "birthDate": "1973-06-23",
            "birthDeptCountryCode": "BE",
            "birthNameInd": "Y",
            "citizenshipNameInd": "Y",
            "currentNameInd": "Y",
            "deptPersonIDInd": "Y",
            "familyName": "SMITH",
            "givenNames": "ADAM",
            "additionalAliasInd": "Y",
            "dimiaAliasInd": "Y",
            "lastUpdateDate": "2017-01-09",
            "maritalStatusCode": "M",
            "sexCode": "M",
            "sourceFileCode": "M9798",
            "sourceSystemCode": "PT"
		}, {
            "iatTravellerID": "{{request.path.[4]}}",
            "aliasSequenceNbr": "902",
            "birthDate": "1973-06-23",
            "birthDeptCountryCode": "BE",
            "birthNameInd": "N",
            "citizenshipNameInd": "N",
            "currentNameInd": "N",
            "deptPersonIDInd": "N",
            "familyName": "JONES",
            "givenNames": "ADAM",
            "additionalAliasInd": "Y",
            "dimiaAliasInd": "N",
            "lastUpdateDate": "2017-01-09",
            "maritalStatusCode": "M",
            "sexCode": "M",
            "sourceFileCode": "M9798",
            "sourceSystemCode": "PT"
		}
	],
	"totalrecords": 2
}
  }
}