{
  "priority": 99,
  "request" : {
    "urlPattern" : "/DataServices/InterceptService/resources/OrganisationInterceptSummary/(.*)",
    "method" : "GET"
  },
  "response" : {
    "status" : 200,
    "headers": {
            "Content-Type": "application/json",
            "Cache-Control": "no-cache"
        },
    "jsonBody" : {
	"getOrganisationInterceptSummaryInformationResponse": [{
            "subjectId": "O500491",
            "organisationName": "HALF DECENT PTY LTD",
            "australianBusinessNumber": "11050292579",
            "businessDescription": "WESTERN STYLE CLOTHING AND ACCESSORIES SALES",
            "numberOfInfoReportsWhereSubjectIsPrincipal": "1"
		}
	],
	"totalrecords": 1
}
  }
}