{
  "request" : {
    "urlPattern" : "/DataServices/resources/airCargo/([0-9]*)\\?(.*)",
    "method" : "GET"
  },
  "response" : {
    "status" : 200,
    "headers": {
            "Content-Type": "application/json",
            "Cache-Control": "no-cache"
        },
    "jsonBody" : {
	"getAirCargoSummaryResponse": [{
			"documentType": "ACR       ",
			"originalMsgId": "2017-01-22 19:19:52.816157",
			"clientRoleType": "Consignor ",
			"clientInstanceId": "642531359192207",
			"masterBillNbr": "78429302626",
			"houseBillNbr": "S00237204",
			"airlineCode": "CZ ",
			"flightNbr": "343  ",
			"searchArrivalDate": "2017-01-26",
			"goodsDescr": "CLOTHING",
			"lowestBillInd": "Y",
			"parentBillNbr": "",
			"partShipmentInd": "N",
			"sacInd": "N",
			"stsCargoStatusCode": "CLEAR     ",
			"examFindResultCode": ""
		}
	],
	"totalrecords": 1
}
  }
}