{
  "priority": 99,
  "request" : {
    "urlPattern" : "/DataServices/TravellerService/resources/TravellerPassportDetails",
    "method" : "POST"
  },
  "response" : {
    "status" : 200,
    "headers": {
            "Content-Type": "application/json",
            "Cache-Control": "no-cache"
        },
    "jsonBody" : {
	"getTravellerPassportInformationResponse": [{
            "travelDocID": "M9709026",
            "travelDocDeptCountryCode": "AUS",
            "travelDocTypeCode": "NP",
            "deptRunNbr": "4542545",
            "documentImpoundInd": "N",
            "immigrationDirectiveCode": "E",
            "issueCountryCode": "AUS",
            "issueOfficeCode": "CAN",
            "lastUpdateDate": "2006-03-16",
            "passportExpiryDate": "2022-03-16",
            "passportIssueDate": "2006-03-16",
            "passportStatusCode": "N",
            "passportTypeCode": "O",
            "sourceSystemCode": "PT",
            "Aliases": [ {
                "travelDocID": "M9709026",
                "travelDocDeptCountryCode": "AUS",
                "iatTravellerID": "0015028332",
                "aliasSequenceNbr": "901",
                "birthDate": "1953-12-25",
                "birthDeptCountryCode": "AUS",
                "sexCode": "M",
                "maritalStatusCode": "M",
                "familyName": "GARDNER",
                "givenNames": "BERNARD NOEL"
            }, {
                "travelDocID": "M9709026",
                "travelDocDeptCountryCode": "AUS",
                "iatTravellerID": "0015028332",
                "aliasSequenceNbr": "902",
                "birthDate": "1953-12-25",
                "birthDeptCountryCode": "AUS",
                "sexCode": "M",
                "maritalStatusCode": "M",
                "familyName": "GARDNER",
                "givenNames": "BERNARD"
            }
            ]
		}
	],
	"totalrecords": 1
}
  }
}