{
  "priority": 99,
  "request" : {
    "urlPattern" : "/DataServices/VRAService/v1/resources/ProfileMatches",
    "method" : "POST"
  },
  "response" : {
    "status" : 200,
    "headers": {
        "Content-Type": "application/json",
        "Cache-Control": "no-cache"
    },
    "jsonBody" : {
        "getProfileMatchesResponse": [{
            "profileId": "50471",
            "profileDescription": "Abdduk IRIS",
            "alertMessage": "***Old***",
            "threat": "XXX",
            "thresholdScore": "0.7",
            "sourceSystem": "AAC",
            "riskTier": "HIGH"
        }, {
            "profileId": "50999",
            "profileDescription": "Abdduk IRIS",
            "alertMessage": "High Alert",
            "threat": "XXX",
            "thresholdScore": "0.62",
            "sourceSystem": "AAC",
            "riskTier": "HIGH"
        }],
        "totalrecords": 1,
        "Return Code": "0",
        "Return Msg": "SUCCESS"
    }
  }
}
