{
  "request" : {
    "urlPattern" : "/DataServices/TravellerService/resources/TravellerSummary",
    "method" : "POST"
  },
  "response" : {
    "status" : 200,
    "headers": {
            "Content-Type": "application/json",
            "Cache-Control": "no-cache"
        },
    "jsonBody" : {
	"getTravellerMovementSummaryResponse": [{
			"IATTravellerId": "0076323595",
			"examinationId": "",
			"checkinPortCode": "POM ",
			"localPortCode": "BNE ",
			"localScheduledDate": "2015-09-23",
			"routeId": "VA188   ",
			"directionCode": "I",
			"movementStatusCode": "A",
            "movementTime": "02:12:00",
			"travelDocumentId": "M7089026",
			"travelDocDeptCountryCode": "AUS ",
			"visaSubClassCd": "417",
			"travelMovementTypeCd": "C",
            "movementRaceId": "A19",
			"alertInd": "",
			"examinationInd": "",
            "visaIdentifyingNbr": "6890168504567925"
		}, {
			"IATTravellerId": "0076323595",
			"examinationId": "",
			"checkinPortCode": "BNE ",
			"localPortCode": "BNE ",
			"localScheduledDate": "2015-09-13",
			"routeId": "VA189   ",
			"directionCode": "O",
			"movementStatusCode": "A",
            "movementTime": "12:00:03",
			"travelDocumentId": "",
			"travelDocDeptCountryCode": "",
			"visaSubClassCd": "600",
			"travelMovementTypeCd": "C",
            "movementRaceId": "B52",
			"alertInd": "",
			"examinationInd": "",
            "visaIdentifyingNbr": ""
		}, {
			"IATTravellerId": "0076323595",
			"examinationId": "",
			"checkinPortCode": "SIN ",
			"localPortCode": "SYD ",
			"localScheduledDate": "2012-03-23",
			"routeId": "SQ221   ",
			"directionCode": "I",
			"movementStatusCode": "A",
            "movementTime": "14:42:23",
			"travelDocumentId": "M7089021",
			"travelDocDeptCountryCode": "AUS ",
			"visaSubClassCd": "417",
			"travelMovementTypeCd": "C",
            "movementRaceId": "X12",
			"alertInd": "",
			"examinationInd": "",
            "visaIdentifyingNbr": "7923965298474983"
		}, {
			"IATTravellerId": "0076323595",
			"examinationId": "",
			"checkinPortCode": "-   ",
			"localPortCode": "SYD ",
			"localScheduledDate": "2012-02-22",
			"routeId": "JQ27    ",
			"directionCode": "O",
			"movementStatusCode": "A",
            "movementTime": "21:39:05",
			"travelDocumentId": "M7089026",
			"travelDocDeptCountryCode": "AUS ",
			"visaSubClassCd": "417",
			"travelMovementTypeCd": "C",
            "movementRaceId": "A19",
			"alertInd": "",
			"examinationInd": "",
            "visaIdentifyingNbr": ""
		}, {
			"IATTravellerId": "0076323595",
			"examinationId": "",
			"checkinPortCode": "FRA ",
			"localPortCode": "SYD ",
			"localScheduledDate": "2011-09-01",
			"routeId": "VA30    ",
			"directionCode": "I",
			"movementStatusCode": "A",
            "movementTime": "21:39:05",
			"travelDocumentId": "M7089026",
			"travelDocDeptCountryCode": "AUS ",
			"visaSubClassCd": "417",
			"travelMovementTypeCd": "C",
            "movementRaceId": "A19",
			"alertInd": "",
			"examinationInd": "",
            "visaIdentifyingNbr": ""
		}, {
			"IATTravellerId": "0076323595",
			"examinationId": "",
			"checkinPortCode": "-   ",
			"localPortCode": "SYD ",
			"localScheduledDate": "2011-08-19",
			"routeId": "EY455   ",
			"directionCode": "O",
			"movementStatusCode": "A",
            "movementTime": "21:39:05",
			"travelDocumentId": "M7089026",
			"travelDocDeptCountryCode": "AUS ",
			"visaSubClassCd": "417",
			"travelMovementTypeCd": "C",
            "movementRaceId": "A19",
			"alertInd": "",
			"examinationInd": "",
            "visaIdentifyingNbr": ""
		}, {
			"IATTravellerId": "0076323595",
			"examinationId": "",
			"checkinPortCode": "CHC ",
			"localPortCode": "SYD ",
			"localScheduledDate": "2007-12-15",
			"routeId": "NZ781   ",
			"directionCode": "I",
			"movementStatusCode": "A",
            "movementTime": "21:39:05",
			"travelDocumentId": "M7089026",
			"travelDocDeptCountryCode": "AUS ",
			"visaSubClassCd": "417",
			"travelMovementTypeCd": "C",
            "movementRaceId": "A19",
			"alertInd": "",
			"examinationInd": "",
            "visaIdentifyingNbr": ""
		}, {
			"IATTravellerId": "0076323595",
			"examinationId": "",
			"checkinPortCode": "SYD ",
			"localPortCode": "SYD ",
			"localScheduledDate": "2007-12-05",
			"routeId": "NZ104   ",
			"directionCode": "O",
			"movementStatusCode": "A",
            "movementTime": "21:39:05",
			"travelDocumentId": "M7089026",
			"travelDocDeptCountryCode": "AUS ",
			"visaSubClassCd": "417",
			"travelMovementTypeCd": "C",
            "movementRaceId": "A19",
			"alertInd": "",
			"examinationInd": "",
            "visaIdentifyingNbr": ""
		}
	],
	"totalrecords": 8
}
  }
}