{
  "priority": 99,
  "request" : {
    "url" : "/DataServices/resources/entitysearch",
    "method" : "POST"
  },
  "response" : {
    "status" : 200,
    "headers": {
            "Content-Type": "application/json",
            "Cache-Control": "no-cache"
        },
    "jsonBody" : {
	"getMasterEntitySearchResponse": [{
			"mstrEntyId": "8754761",
			"stdFullNm": "ADAM AARON SMITH",
			"dtOfBrth": "1975-05-23",
			"sexCd": "MALE",
			"stdAdrsVlu": "1 HYLAND WAY WILSON WA 6107 AU",
			"phnNbr": "",
			"crdntlTypCd": "TD",
			"crdntlVlu": "M8129751",
			"issngCntryCd": "",
			"mstrInd": "Y",
			"mdmPrflNm": "InitLd_RefData_DIRECT_MST",
			"mdmMtchScrPrc": "",
			"entyVldStrtTmstmp": "2015-04-01 15:51:25.78",
			"emailVlu": "",
			"PNR": "0",
			"ICS": "1",
			"IAT": "1",
			"BAGS": "1",
			"INTCP": "0",
			"DGMS": "1",
			"ABR": "1",
			"ASIC": "1",
			"EROLL": "1",
			"IATA": "1",
            "INTCP": "0",
			"ALL_SYST": "8", 
			"EXAMS": "4"
		}, {
			"mstrEntyId": "10448219",
			"stdFullNm": "ADAM ALAIN SMITH",
			"dtOfBrth": "1986-10-07",
			"sexCd": "MALE",
			"stdAdrsVlu": "59 WYANGAN AVENUE GRIFFITH NSW 2680 AU",
			"phnNbr": "",
			"crdntlTypCd": "TD",
			"crdntlVlu": "M7089026",
			"issngCntryCd": "",
			"mstrInd": "Y",
			"mdmPrflNm": "InitLd_RefData_DIRECT_MST",
			"mdmMtchScrPrc": "",
			"entyVldStrtTmstmp": "2015-04-01 15:51:25.78",
			"emailVlu": "",
			"PNR": "1",
			"ICS": "0",
			"IAT": "1",
			"BAGS": "0",
			"INTCP": "0",
			"DGMS": "0",
			"ABR": "0",
			"ASIC": "0",
			"EROLL": "1",
			"IATA": "1",
            "INTCP": "0",
			"ALL_SYST": "4",
			"EXAMS": "4"
		}, {
			"mstrEntyId": "734759268",
			"stdFullNm": "ADAM ALDO DEAN SMITH",
			"dtOfBrth": "1986-12-15",
			"sexCd": "",
			"stdAdrsVlu": "142 HELICIA ROAD MACQUARIE FIELDS NSW 2564 AU",
			"phnNbr": "",
			"crdntlTypCd": "",
			"crdntlVlu": "",
			"issngCntryCd": "",
			"mstrInd": "Y",
			"mdmPrflNm": "LEFTOVER - NEW ROW",
			"mdmMtchScrPrc": "",
			"entyVldStrtTmstmp": "2013-02-01 00:00:00.0",
			"emailVlu": "",
			"PNR": "0",
			"ICS": "0",
			"IAT": "0",
			"BAGS": "0",
			"INTCP": "0",
			"DGMS": "0",
			"ABR": "0",
			"ASIC": "1",
			"EROLL": "0",
			"IATA": "0",
            "INTCP": "0",
			"ALL_SYST": "1", 
			"EXAMS": "4"
		}, {
			"mstrEntyId": "76917",
			"stdFullNm": "ADAM ALEXANDER SMITH",
			"dtOfBrth": "1986-07-13",
			"sexCd": "MALE",
			"stdAdrsVlu": "49 MOORHEN CIRCUIT BAKEWELL NT 0832 AU",
			"phnNbr": "",
			"crdntlTypCd": "",
			"crdntlVlu": "",
			"issngCntryCd": "",
			"mstrInd": "Y",
			"mdmPrflNm": "InitLd_RefData_DIRECT_MST",
			"mdmMtchScrPrc": "",
			"entyVldStrtTmstmp": "2015-04-01 15:51:25.78",
			"emailVlu": "",
			"PNR": "0",
			"ICS": "0",
			"IAT": "1",
			"BAGS": "0",
			"INTCP": "0",
			"DGMS": "0",
			"ABR": "0",
			"ASIC": "0",
			"EROLL": "0",
			"IATA": "0",
            "INTCP": "0",
			"ALL_SYST": "1"
		}, {
			"mstrEntyId": "8390727",
			"stdFullNm": "ADAM ALLASTAIR SMITH",
			"dtOfBrth": "1967-03-25",
			"sexCd": "MALE",
			"stdAdrsVlu": "3 MUIR CLOSE WAIKIKI WA 6169 AU",
			"phnNbr": "",
			"crdntlTypCd": "TD",
			"crdntlVlu": "LK376519",
			"issngCntryCd": "",
			"mstrInd": "Y",
			"mdmPrflNm": "InitLd_RefData_DIRECT_MST",
			"mdmMtchScrPrc": "",
			"entyVldStrtTmstmp": "2015-04-01 15:51:25.78",
			"emailVlu": "ADAMS67SMITHS@HOTMAIL.COM",
			"PNR": "2",
			"ICS": "0",
			"IAT": "6",
			"BAGS": "0",
			"INTCP": "0",
			"DGMS": "0",
			"ABR": "1",
			"ASIC": "0",
			"EROLL": "1",
			"IATA": "0",
            "INTCP": "0",
			"ALL_SYST": "10"
		}, {
			"mstrEntyId": "981017604",
			"stdFullNm": "ADAM AMIR SMITH",
			"dtOfBrth": "1987-12-04",
			"sexCd": "MALE",
			"stdAdrsVlu": "",
			"phnNbr": "",
			"crdntlTypCd": "VISA",
			"crdntlVlu": "0073893329000779992418889400",
			"issngCntryCd": "",
			"mstrInd": "Y",
			"mdmPrflNm": "LEFTOVER - NEW ROW",
			"mdmMtchScrPrc": "",
			"entyVldStrtTmstmp": "2007-07-03 16:55:40.01",
			"emailVlu": "",
			"PNR": "0",
			"ICS": "0",
			"IAT": "1",
			"BAGS": "0",
			"INTCP": "0",
			"DGMS": "0",
			"ABR": "0",
			"ASIC": "0",
			"EROLL": "0",
			"IATA": "0",
            "INTCP": "1",
			"ALL_SYST": "2"
		}, {
			"mstrEntyId": "248423992",
			"stdFullNm": "HALF DECENT PTY LTD",
			"dtOfBrth": "",
			"sexCd": "",
			"stdAdrsVlu": "UNIT 404/ 54-68 WEST ESPLANADE MANLY NSW 2095 AU",
			"phnNbr": "",
			"crdntlTypCd": "",
			"crdntlVlu": "",
			"issngCntryCd": "",
			"mstrInd": "Y",
			"mdmPrflNm": "LEFTOVER - NEW ROW",
			"mdmMtchScrPrc": "",
			"entyVldStrtTmstmp": "2014-02-15 12:15:12.391929",
			"emailVlu": "",
			"PNR": "0",
			"ICS": "0",
			"IAT": "0",
			"BAGS": "0",
			"INTCP": "0",
			"DGMS": "0",
			"ABR": "0",
			"ASIC": "0",
			"EROLL": "0",
			"IATA": "0",
            "INTCP": "1",
			"ALL_SYST": "1"
		}, {
			"mstrEntyId": "2292847",
			"stdFullNm": "ADAM ANTHONY SMITH",
			"dtOfBrth": "1982-04-09",
			"sexCd": "MALE",
			"stdAdrsVlu": "6 ARGYLE STREET BENTLEY WA 6102 AU",
			"phnNbr": "",
			"crdntlTypCd": "TD",
			"crdntlVlu": "N9386010",
			"issngCntryCd": "",
			"mstrInd": "Y",
			"mdmPrflNm": "InitLd_RefData_DIRECT_MST",
			"mdmMtchScrPrc": "",
			"entyVldStrtTmstmp": "2015-04-01 15:51:25.78",
			"emailVlu": "",
			"PNR": "0",
			"ICS": "6",
			"IAT": "1",
			"BAGS": "0",
			"INTCP": "0",
			"DGMS": "0",
			"ABR": "0",
			"ASIC": "0",
			"EROLL": "1",
			"IATA": "0",
			"ALL_SYST": "8"
		}, {
			"mstrEntyId": "1271627441",
			"stdFullNm": "ADAM AREITIHERE SMITH",
			"dtOfBrth": "2015-01-06",
			"sexCd": "MALE",
			"stdAdrsVlu": "",
			"phnNbr": "",
			"crdntlTypCd": "TD",
			"crdntlVlu": "LL065017",
			"issngCntryCd": "",
			"mstrInd": "Y",
			"mdmPrflNm": "LEFTOVER - NEW ROW",
			"mdmMtchScrPrc": "",
			"entyVldStrtTmstmp": "2015-02-01 06:16:08.46",
			"emailVlu": "",
			"PNR": "0",
			"ICS": "0",
			"IAT": "1",
			"BAGS": "0",
			"INTCP": "0",
			"DGMS": "0",
			"ABR": "0",
			"ASIC": "0",
			"EROLL": "0",
			"IATA": "0",
			"ALL_SYST": "1"
		}, {
			"mstrEntyId": "6953984",
			"stdFullNm": "ADAM ARNOLD NOEL SMITH",
			"dtOfBrth": "1940-09-06",
			"sexCd": "MALE",
			"stdAdrsVlu": "2 GREENGULLY RETREAT DONCASTER VIC 3108 AU",
			"phnNbr": "",
			"crdntlTypCd": "TD",
			"crdntlVlu": "L9266338",
			"issngCntryCd": "",
			"mstrInd": "Y",
			"mdmPrflNm": "InitLd_RefData_DIRECT_MST",
			"mdmMtchScrPrc": "",
			"entyVldStrtTmstmp": "2015-04-01 15:51:25.78",
			"emailVlu": "",
			"PNR": "0",
			"ICS": "1",
			"IAT": "1",
			"BAGS": "0",
			"INTCP": "0",
			"DGMS": "0",
			"ABR": "0",
			"ASIC": "2",
			"EROLL": "1",
			"IATA": "0",
			"ALL_SYST": "5"
		}, {
			"mstrEntyId": "2788257",
			"stdFullNm": "ADAM ASHLEY ALLAN SMITH",
			"dtOfBrth": "1981-07-17",
			"sexCd": "MALE",
			"stdAdrsVlu": "48 BELGRAVE-GEMBROOK ROAD BELGRAVE VIC 3160 AU",
			"phnNbr": "",
			"crdntlTypCd": "TD",
			"crdntlVlu": "L4045322",
			"issngCntryCd": "",
			"mstrInd": "Y",
			"mdmPrflNm": "InitLd_RefData_DIRECT_MST",
			"mdmMtchScrPrc": "",
			"entyVldStrtTmstmp": "2015-04-01 15:51:25.78",
			"emailVlu": "",
			"PNR": "0",
			"ICS": "0",
			"IAT": "1",
			"BAGS": "0",
			"INTCP": "0",
			"DGMS": "0",
			"ABR": "0",
			"ASIC": "0",
			"EROLL": "1",
			"IATA": "0",
			"ALL_SYST": "2"
		}, {
			"mstrEntyId": "12729342",
			"stdFullNm": "ADAM ASHTON SMITH",
			"dtOfBrth": "1972-09-29",
			"sexCd": "MALE",
			"stdAdrsVlu": "59 SEEBECK ROAD ROWVILLE VIC 3178 AU",
			"phnNbr": "",
			"crdntlTypCd": "TD",
			"crdntlVlu": "N6100753",
			"issngCntryCd": "",
			"mstrInd": "Y",
			"mdmPrflNm": "InitLd_RefData_DIRECT_MST",
			"mdmMtchScrPrc": "",
			"entyVldStrtTmstmp": "2015-04-01 15:51:25.78",
			"emailVlu": "",
			"PNR": "0",
			"ICS": "1",
			"IAT": "1",
			"BAGS": "0",
			"INTCP": "0",
			"DGMS": "0",
			"ABR": "0",
			"ASIC": "0",
			"EROLL": "1",
			"IATA": "0",
			"ALL_SYST": "3"
		}, {
			"mstrEntyId": "309472761",
			"stdFullNm": "ADAM B SMITH",
			"dtOfBrth": "",
			"sexCd": "",
			"stdAdrsVlu": "039 SHAUGHNESSY STREET KEW VIC 3101 AU",
			"phnNbr": "",
			"crdntlTypCd": "",
			"crdntlVlu": "",
			"issngCntryCd": "",
			"mstrInd": "Y",
			"mdmPrflNm": "LEFTOVER - NEW ROW",
			"mdmMtchScrPrc": "",
			"entyVldStrtTmstmp": "2012-07-13 05:51:58.400741",
			"emailVlu": "",
			"PNR": "0",
			"ICS": "2",
			"IAT": "0",
			"BAGS": "0",
			"INTCP": "0",
			"DGMS": "0",
			"ABR": "0",
			"ASIC": "0",
			"EROLL": "0",
			"IATA": "0",
			"ALL_SYST": "2"
		}, {
			"mstrEntyId": "3439815",
			"stdFullNm": "ADAM BARTON SMITH",
			"dtOfBrth": "1989-03-29",
			"sexCd": "MALE",
			"stdAdrsVlu": "18 POWELL STREET BOWEN QLD 4805 AU",
			"phnNbr": "",
			"crdntlTypCd": "TD",
			"crdntlVlu": "M2967518",
			"issngCntryCd": "",
			"mstrInd": "Y",
			"mdmPrflNm": "InitLd_RefData_DIRECT_MST",
			"mdmMtchScrPrc": "",
			"entyVldStrtTmstmp": "2015-04-01 15:51:25.78",
			"emailVlu": "",
			"PNR": "0",
			"ICS": "2",
			"IAT": "1",
			"BAGS": "0",
			"INTCP": "0",
			"DGMS": "0",
			"ABR": "0",
			"ASIC": "0",
			"EROLL": "1",
			"IATA": "0",
			"ALL_SYST": "4"
		}, {
			"mstrEntyId": "12789237",
			"stdFullNm": "ADAM BAYLEY SMITH",
			"dtOfBrth": "1983-09-04",
			"sexCd": "MALE",
			"stdAdrsVlu": "42 CRESFIELD STREET ZILLMERE QLD 4034 AU",
			"phnNbr": "",
			"crdntlTypCd": "TD",
			"crdntlVlu": "N4095381",
			"issngCntryCd": "",
			"mstrInd": "Y",
			"mdmPrflNm": "InitLd_RefData_DIRECT_MST",
			"mdmMtchScrPrc": "",
			"entyVldStrtTmstmp": "2015-04-01 15:51:25.78",
			"emailVlu": "",
			"PNR": "2",
			"ICS": "2",
			"IAT": "1",
			"BAGS": "0",
			"INTCP": "0",
			"DGMS": "0",
			"ABR": "0",
			"ASIC": "0",
			"EROLL": "1",
			"IATA": "0",
			"ALL_SYST": "6"
		}, {
			"mstrEntyId": "7906188",
			"stdFullNm": "ADAM BENJAMIN SMITH",
			"dtOfBrth": "1989-03-14",
			"sexCd": "MALE",
			"stdAdrsVlu": "UNIT 3/ 3 HAMPTON ROAD ESSENDON WEST VIC 3040 AU",
			"phnNbr": "",
			"crdntlTypCd": "TD",
			"crdntlVlu": "PA6037436",
			"issngCntryCd": "",
			"mstrInd": "Y",
			"mdmPrflNm": "InitLd_RefData_DIRECT_MST",
			"mdmMtchScrPrc": "",
			"entyVldStrtTmstmp": "2015-04-01 15:51:25.78",
			"emailVlu": "",
			"PNR": "2",
			"ICS": "1",
			"IAT": "1",
			"BAGS": "1",
			"INTCP": "0",
			"DGMS": "0",
			"ABR": "0",
			"ASIC": "0",
			"EROLL": "1",
			"IATA": "0",
			"ALL_SYST": "6"
		}, {
			"mstrEntyId": "2420315",
			"stdFullNm": "ADAM BENJAMIN SMITH",
			"dtOfBrth": "1980-09-30",
			"sexCd": "MALE",
			"stdAdrsVlu": "9-78A BALGOWLAH ROAD BALGOWLAH NSW 2093 AU",
			"phnNbr": "",
			"crdntlTypCd": "TD",
			"crdntlVlu": "PA3258498",
			"issngCntryCd": "",
			"mstrInd": "Y",
			"mdmPrflNm": "InitLd_RefData_DIRECT_MST",
			"mdmMtchScrPrc": "",
			"entyVldStrtTmstmp": "2015-04-01 15:51:25.78",
			"emailVlu": "",
			"PNR": "1",
			"ICS": "9",
			"IAT": "1",
			"BAGS": "0",
			"INTCP": "0",
			"DGMS": "0",
			"ABR": "0",
			"ASIC": "1",
			"EROLL": "1",
			"IATA": "0",
			"ALL_SYST": "13"
		}, {
			"mstrEntyId": "3845325",
			"stdFullNm": "ADAM BENJAMIN SMITH",
			"dtOfBrth": "1979-12-15",
			"sexCd": "MALE",
			"stdAdrsVlu": "25 NOLAN STREET BERKELEY NSW 2506 AU",
			"phnNbr": "",
			"crdntlTypCd": "",
			"crdntlVlu": "",
			"issngCntryCd": "",
			"mstrInd": "Y",
			"mdmPrflNm": "InitLd_RefData_DIRECT_MST",
			"mdmMtchScrPrc": "",
			"entyVldStrtTmstmp": "2015-04-01 15:51:25.78",
			"emailVlu": "",
			"PNR": "0",
			"ICS": "0",
			"IAT": "0",
			"BAGS": "0",
			"INTCP": "0",
			"DGMS": "0",
			"ABR": "0",
			"ASIC": "0",
			"EROLL": "1",
			"IATA": "0",
			"ALL_SYST": "1"
		}, {
			"mstrEntyId": "2844317",
			"stdFullNm": "ADAM BENNETT SMITH",
			"dtOfBrth": "1974-08-16",
			"sexCd": "MALE",
			"stdAdrsVlu": "LOT 6 OLD DAIRY LANE 298 ASHMORE ROAD BENOWA QLD 4217 AU",
			"phnNbr": "",
			"crdntlTypCd": "TD",
			"crdntlVlu": "M7569648",
			"issngCntryCd": "",
			"mstrInd": "Y",
			"mdmPrflNm": "InitLd_RefData_DIRECT_MST",
			"mdmMtchScrPrc": "",
			"entyVldStrtTmstmp": "2015-04-01 15:51:25.78",
			"emailVlu": "",
			"PNR": "2",
			"ICS": "0",
			"IAT": "1",
			"BAGS": "0",
			"INTCP": "0",
			"DGMS": "0",
			"ABR": "0",
			"ASIC": "2",
			"EROLL": "1",
			"IATA": "0",
			"ALL_SYST": "6"
		}, {
			"mstrEntyId": "259941351",
			"stdFullNm": "ADAM BENNETT SMITH",
			"dtOfBrth": "",
			"sexCd": "",
			"stdAdrsVlu": "4215/ 298 ASHMORE ROAD BRISBANE AU",
			"phnNbr": "",
			"crdntlTypCd": "",
			"crdntlVlu": "",
			"issngCntryCd": "",
			"mstrInd": "Y",
			"mdmPrflNm": "LEFTOVER - NEW ROW",
			"mdmMtchScrPrc": "",
			"entyVldStrtTmstmp": "2011-10-30 17:41:33.981526",
			"emailVlu": "",
			"PNR": "0",
			"ICS": "1",
			"IAT": "0",
			"BAGS": "0",
			"INTCP": "0",
			"DGMS": "0",
			"ABR": "0",
			"ASIC": "0",
			"EROLL": "0",
			"IATA": "0",
			"ALL_SYST": "1"
		}, {
			"mstrEntyId": "3957079",
			"stdFullNm": "ADAM BERNARD RALPH SMITH",
			"dtOfBrth": "1974-07-21",
			"sexCd": "MALE",
			"stdAdrsVlu": "LOT 13 SIMPSON ROAD DUDAWA WA 6519 AU",
			"phnNbr": "",
			"crdntlTypCd": "TD",
			"crdntlVlu": "PA5569860",
			"issngCntryCd": "",
			"mstrInd": "Y",
			"mdmPrflNm": "InitLd_RefData_DIRECT_MST",
			"mdmMtchScrPrc": "",
			"entyVldStrtTmstmp": "2015-04-01 15:51:25.78",
			"emailVlu": "",
			"PNR": "0",
			"ICS": "0",
			"IAT": "1",
			"BAGS": "0",
			"INTCP": "0",
			"DGMS": "0",
			"ABR": "0",
			"ASIC": "1",
			"EROLL": "1",
			"IATA": "0",
			"ALL_SYST": "3"
		}, {
			"mstrEntyId": "7950488",
			"stdFullNm": "ADAM BERNARD SMITH",
			"dtOfBrth": "1976-09-10",
			"sexCd": "MALE",
			"stdAdrsVlu": "UNIT 117/ 402-420 PACIFIC HIGHWAY CROWS NEST NSW 2065 AU",
			"phnNbr": "",
			"crdntlTypCd": "TD",
			"crdntlVlu": "L3358691",
			"issngCntryCd": "",
			"mstrInd": "Y",
			"mdmPrflNm": "InitLd_RefData_DIRECT_MST",
			"mdmMtchScrPrc": "",
			"entyVldStrtTmstmp": "2015-04-01 15:51:25.78",
			"emailVlu": "",
			"PNR": "0",
			"ICS": "1",
			"IAT": "1",
			"BAGS": "0",
			"INTCP": "0",
			"DGMS": "0",
			"ABR": "0",
			"ASIC": "0",
			"EROLL": "1",
			"IATA": "0",
			"ALL_SYST": "3"
		}, {
			"mstrEntyId": "1545444972",
			"stdFullNm": "ADAM BEVERLEY SMITH",
			"dtOfBrth": "",
			"sexCd": "",
			"stdAdrsVlu": "PO BOX 582 MOSMAN NSW 2088 AU",
			"phnNbr": "",
			"crdntlTypCd": "",
			"crdntlVlu": "",
			"issngCntryCd": "",
			"mstrInd": "Y",
			"mdmPrflNm": "LEFTOVER - NEW ROW",
			"mdmMtchScrPrc": "",
			"entyVldStrtTmstmp": "2017-04-25 14:26:14.386734",
			"emailVlu": "",
			"PNR": "0",
			"ICS": "1",
			"IAT": "0",
			"BAGS": "0",
			"INTCP": "0",
			"DGMS": "0",
			"ABR": "0",
			"ASIC": "0",
			"EROLL": "0",
			"IATA": "0",
			"ALL_SYST": "1"
		}, {
			"mstrEntyId": "7999313",
			"stdFullNm": "ADAM BLAKE SMITH",
			"dtOfBrth": "1979-08-18",
			"sexCd": "MALE",
			"stdAdrsVlu": "15 BRAMSTON STREET SPEARWOOD WA 6163 AU",
			"phnNbr": "",
			"crdntlTypCd": "",
			"crdntlVlu": "",
			"issngCntryCd": "",
			"mstrInd": "Y",
			"mdmPrflNm": "InitLd_RefData_DIRECT_MST",
			"mdmMtchScrPrc": "",
			"entyVldStrtTmstmp": "2015-04-01 15:51:25.78",
			"emailVlu": "",
			"PNR": "0",
			"ICS": "4",
			"IAT": "0",
			"BAGS": "0",
			"INTCP": "0",
			"DGMS": "0",
			"ABR": "0",
			"ASIC": "0",
			"EROLL": "1",
			"IATA": "0",
			"ALL_SYST": "5"
		}, {
			"mstrEntyId": "9147578",
			"stdFullNm": "ADAM BRADLEY SMITH",
			"dtOfBrth": "1988-05-24",
			"sexCd": "MALE",
			"stdAdrsVlu": "4275 HENTY HIGHWAY HAVEN VIC 3401 AU",
			"phnNbr": "",
			"crdntlTypCd": "",
			"crdntlVlu": "",
			"issngCntryCd": "",
			"mstrInd": "Y",
			"mdmPrflNm": "InitLd_RefData_DIRECT_MST",
			"mdmMtchScrPrc": "",
			"entyVldStrtTmstmp": "2015-04-01 15:51:25.78",
			"emailVlu": "",
			"PNR": "0",
			"ICS": "0",
			"IAT": "0",
			"BAGS": "0",
			"INTCP": "0",
			"DGMS": "0",
			"ABR": "0",
			"ASIC": "0",
			"EROLL": "1",
			"IATA": "0",
			"ALL_SYST": "1"
		}, {
			"mstrEntyId": "293515825",
			"stdFullNm": "ADAM BRADLEY SMITH",
			"dtOfBrth": "",
			"sexCd": "",
			"stdAdrsVlu": "12/ 16-20 BENTLEY STREET WETHERILL PARK NSW 2164 AU",
			"phnNbr": "",
			"crdntlTypCd": "",
			"crdntlVlu": "",
			"issngCntryCd": "",
			"mstrInd": "Y",
			"mdmPrflNm": "LEFTOVER - NEW ROW",
			"mdmMtchScrPrc": "",
			"entyVldStrtTmstmp": "2012-03-18 08:43:04.195171",
			"emailVlu": "",
			"PNR": "0",
			"ICS": "1",
			"IAT": "0",
			"BAGS": "0",
			"INTCP": "0",
			"DGMS": "0",
			"ABR": "0",
			"ASIC": "0",
			"EROLL": "0",
			"IATA": "0",
			"ALL_SYST": "1"
		}, {
			"mstrEntyId": "9305101",
			"stdFullNm": "ADAM BRETT SMITH",
			"dtOfBrth": "1984-08-13",
			"sexCd": "MALE",
			"stdAdrsVlu": "149 QUEEN STREET MARYBOROUGH QLD 4650 AU",
			"phnNbr": "",
			"crdntlTypCd": "",
			"crdntlVlu": "",
			"issngCntryCd": "",
			"mstrInd": "Y",
			"mdmPrflNm": "InitLd_RefData_DIRECT_MST",
			"mdmMtchScrPrc": "",
			"entyVldStrtTmstmp": "2015-04-01 15:51:25.78",
			"emailVlu": "",
			"PNR": "0",
			"ICS": "0",
			"IAT": "0",
			"BAGS": "0",
			"INTCP": "0",
			"DGMS": "0",
			"ABR": "0",
			"ASIC": "0",
			"EROLL": "1",
			"IATA": "0",
			"ALL_SYST": "1"
		}, {
			"mstrEntyId": "11015575",
			"stdFullNm": "ADAM BRETT SMITH",
			"dtOfBrth": "1973-10-02",
			"sexCd": "MALE",
			"stdAdrsVlu": "15 DOMINION AVENUE HUNTERVIEW NSW 2330 AU",
			"phnNbr": "",
			"crdntlTypCd": "TD",
			"crdntlVlu": "M6529260",
			"issngCntryCd": "",
			"mstrInd": "Y",
			"mdmPrflNm": "InitLd_RefData_DIRECT_MST",
			"mdmMtchScrPrc": "",
			"entyVldStrtTmstmp": "2015-04-01 15:51:25.78",
			"emailVlu": "",
			"PNR": "0",
			"ICS": "2",
			"IAT": "1",
			"BAGS": "0",
			"INTCP": "0",
			"DGMS": "0",
			"ABR": "1",
			"ASIC": "1",
			"EROLL": "1",
			"IATA": "0",
			"ALL_SYST": "6"
		}, {
			"mstrEntyId": "3074100",
			"stdFullNm": "ADAM BRIAN SMITH",
			"dtOfBrth": "1981-06-15",
			"sexCd": "MALE",
			"stdAdrsVlu": "25 ASCOT AVENUE SANDY BAY TAS 7005 AU",
			"phnNbr": "",
			"crdntlTypCd": "TD",
			"crdntlVlu": "PA4454907",
			"issngCntryCd": "",
			"mstrInd": "Y",
			"mdmPrflNm": "InitLd_RefData_DIRECT_MST",
			"mdmMtchScrPrc": "",
			"entyVldStrtTmstmp": "2015-04-01 15:51:25.78",
			"emailVlu": "",
			"PNR": "1",
			"ICS": "4",
			"IAT": "1",
			"BAGS": "0",
			"INTCP": "0",
			"DGMS": "0",
			"ABR": "0",
			"ASIC": "0",
			"EROLL": "1",
			"IATA": "0",
			"ALL_SYST": "7"
		}, {
			"mstrEntyId": "6328315",
			"stdFullNm": "ADAM BRIAN SMITH",
			"dtOfBrth": "1987-09-10",
			"sexCd": "MALE",
			"stdAdrsVlu": "38A HARCOURT TERRACE SALISBURY NORTH SA 5108 AU",
			"phnNbr": "",
			"crdntlTypCd": "",
			"crdntlVlu": "",
			"issngCntryCd": "",
			"mstrInd": "Y",
			"mdmPrflNm": "InitLd_RefData_DIRECT_MST",
			"mdmMtchScrPrc": "",
			"entyVldStrtTmstmp": "2015-04-01 15:51:25.78",
			"emailVlu": "",
			"PNR": "0",
			"ICS": "0",
			"IAT": "0",
			"BAGS": "0",
			"INTCP": "0",
			"DGMS": "0",
			"ABR": "0",
			"ASIC": "0",
			"EROLL": "1",
			"IATA": "0",
			"ALL_SYST": "1"
		}, {
			"mstrEntyId": "9871252",
			"stdFullNm": "ADAM BROOK SMITH",
			"dtOfBrth": "1978-04-02",
			"sexCd": "MALE",
			"stdAdrsVlu": "67 EDGEVALE ROAD KEW VIC 3101 AU",
			"phnNbr": "",
			"crdntlTypCd": "TD",
			"crdntlVlu": "PA7018908",
			"issngCntryCd": "",
			"mstrInd": "Y",
			"mdmPrflNm": "InitLd_RefData_DIRECT_MST",
			"mdmMtchScrPrc": "",
			"entyVldStrtTmstmp": "2015-04-01 15:51:25.78",
			"emailVlu": "",
			"PNR": "1",
			"ICS": "0",
			"IAT": "1",
			"BAGS": "0",
			"INTCP": "0",
			"DGMS": "0",
			"ABR": "0",
			"ASIC": "0",
			"EROLL": "1",
			"IATA": "0",
			"ALL_SYST": "3"
		}, {
			"mstrEntyId": "10195079",
			"stdFullNm": "ADAM BROOKES SMITH",
			"dtOfBrth": "1981-09-12",
			"sexCd": "MALE",
			"stdAdrsVlu": "2 MESSMATE STREET LALOR VIC 3075 AU",
			"phnNbr": "",
			"crdntlTypCd": "TD",
			"crdntlVlu": "N6206671",
			"issngCntryCd": "",
			"mstrInd": "Y",
			"mdmPrflNm": "InitLd_RefData_DIRECT_MST",
			"mdmMtchScrPrc": "",
			"entyVldStrtTmstmp": "2015-04-01 15:51:25.78",
			"emailVlu": "",
			"PNR": "0",
			"ICS": "2",
			"IAT": "1",
			"BAGS": "0",
			"INTCP": "0",
			"DGMS": "0",
			"ABR": "0",
			"ASIC": "0",
			"EROLL": "1",
			"IATA": "0",
			"ALL_SYST": "4"
		}, {
			"mstrEntyId": "9434528",
			"stdFullNm": "ADAM BRUCE SMITH",
			"dtOfBrth": "1992-05-15",
			"sexCd": "MALE",
			"stdAdrsVlu": "COWPER STREET FAIRY MEADOW NSW 2519 AU",
			"phnNbr": "",
			"crdntlTypCd": "TD",
			"crdntlVlu": "L8245694",
			"issngCntryCd": "",
			"mstrInd": "Y",
			"mdmPrflNm": "InitLd_RefData_DIRECT_MST",
			"mdmMtchScrPrc": "",
			"entyVldStrtTmstmp": "2015-04-01 15:51:25.78",
			"emailVlu": "",
			"PNR": "0",
			"ICS": "0",
			"IAT": "1",
			"BAGS": "0",
			"INTCP": "0",
			"DGMS": "0",
			"ABR": "0",
			"ASIC": "0",
			"EROLL": "1",
			"IATA": "0",
			"ALL_SYST": "2"
		}, {
			"mstrEntyId": "5065411",
			"stdFullNm": "ADAM BRYANT SMITH",
			"dtOfBrth": "1978-02-16",
			"sexCd": "MALE",
			"stdAdrsVlu": "6 GEMMELL WAY HILLARYS WA 6025 AU",
			"phnNbr": "",
			"crdntlTypCd": "TD",
			"crdntlVlu": "PA4149830",
			"issngCntryCd": "",
			"mstrInd": "Y",
			"mdmPrflNm": "InitLd_RefData_DIRECT_MST",
			"mdmMtchScrPrc": "",
			"entyVldStrtTmstmp": "2015-04-01 15:51:25.78",
			"emailVlu": "",
			"PNR": "1",
			"ICS": "1",
			"IAT": "1",
			"BAGS": "1",
			"INTCP": "0",
			"DGMS": "0",
			"ABR": "0",
			"ASIC": "2",
			"EROLL": "1",
			"IATA": "0",
			"ALL_SYST": "7"
		}, {
			"mstrEntyId": "105128924",
			"stdFullNm": "ADAM BYRON SMITH",
			"dtOfBrth": "",
			"sexCd": "",
			"stdAdrsVlu": "11 LINDA DRIVE RINGWOOD VIC 3134 AU",
			"phnNbr": "",
			"crdntlTypCd": "",
			"crdntlVlu": "",
			"issngCntryCd": "",
			"mstrInd": "Y",
			"mdmPrflNm": "LEFTOVER - NEW ROW",
			"mdmMtchScrPrc": "",
			"entyVldStrtTmstmp": "2007-01-20 10:09:13.670758",
			"emailVlu": "",
			"PNR": "0",
			"ICS": "1",
			"IAT": "0",
			"BAGS": "0",
			"INTCP": "0",
			"DGMS": "0",
			"ABR": "0",
			"ASIC": "0",
			"EROLL": "0",
			"IATA": "0",
			"ALL_SYST": "1"
		}, {
			"mstrEntyId": "408343986",
			"stdFullNm": "ADAM C SMITH",
			"dtOfBrth": "",
			"sexCd": "",
			"stdAdrsVlu": "115 MAITLAND ROAD MAYFIELD NSW 2304 AU",
			"phnNbr": "",
			"crdntlTypCd": "",
			"crdntlVlu": "",
			"issngCntryCd": "",
			"mstrInd": "Y",
			"mdmPrflNm": "LEFTOVER - NEW ROW",
			"mdmMtchScrPrc": "",
			"entyVldStrtTmstmp": "2014-08-17 00:40:16.065632",
			"emailVlu": "",
			"PNR": "0",
			"ICS": "2",
			"IAT": "0",
			"BAGS": "0",
			"INTCP": "0",
			"DGMS": "0",
			"ABR": "0",
			"ASIC": "0",
			"EROLL": "0",
			"IATA": "0",
			"ALL_SYST": "2"
		}, {
			"mstrEntyId": "12712695",
			"stdFullNm": "ADAM CAMERON SMITH",
			"dtOfBrth": "1977-08-02",
			"sexCd": "MALE",
			"stdAdrsVlu": "43 STRATTON TERRACE WYNNUM QLD 4178 AU",
			"phnNbr": "",
			"crdntlTypCd": "TD",
			"crdntlVlu": "N5365739",
			"issngCntryCd": "",
			"mstrInd": "Y",
			"mdmPrflNm": "InitLd_RefData_DIRECT_MST",
			"mdmMtchScrPrc": "",
			"entyVldStrtTmstmp": "2015-04-01 15:51:25.78",
			"emailVlu": "",
			"PNR": "2",
			"ICS": "0",
			"IAT": "1",
			"BAGS": "0",
			"INTCP": "0",
			"DGMS": "0",
			"ABR": "0",
			"ASIC": "2",
			"EROLL": "1",
			"IATA": "0",
			"ALL_SYST": "6"
		}, {
			"mstrEntyId": "9201905",
			"stdFullNm": "ADAM CARTER SMITH",
			"dtOfBrth": "1977-05-21",
			"sexCd": "MALE",
			"stdAdrsVlu": "UNIT 203/ 480 RIVERSDALE ROAD HAWTHORN EAST VIC 3123 AU",
			"phnNbr": "",
			"crdntlTypCd": "TD",
			"crdntlVlu": "N4607480",
			"issngCntryCd": "",
			"mstrInd": "Y",
			"mdmPrflNm": "InitLd_RefData_DIRECT_MST",
			"mdmMtchScrPrc": "",
			"entyVldStrtTmstmp": "2015-04-01 15:51:25.78",
			"emailVlu": "",
			"PNR": "0",
			"ICS": "1",
			"IAT": "1",
			"BAGS": "0",
			"INTCP": "0",
			"DGMS": "0",
			"ABR": "0",
			"ASIC": "0",
			"EROLL": "1",
			"IATA": "0",
			"ALL_SYST": "3"
		}, {
			"mstrEntyId": "773919059",
			"stdFullNm": "ADAM CARTWRIGHT SMITH",
			"dtOfBrth": "1999-02-04",
			"sexCd": "MALE",
			"stdAdrsVlu": "",
			"phnNbr": "",
			"crdntlTypCd": "TD",
			"crdntlVlu": "N5651941",
			"issngCntryCd": "",
			"mstrInd": "Y",
			"mdmPrflNm": "LEFTOVER - NEW ROW",
			"mdmMtchScrPrc": "",
			"entyVldStrtTmstmp": "2005-11-22 11:45:24.0",
			"emailVlu": "",
			"PNR": "0",
			"ICS": "0",
			"IAT": "1",
			"BAGS": "0",
			"INTCP": "0",
			"DGMS": "0",
			"ABR": "0",
			"ASIC": "0",
			"EROLL": "0",
			"IATA": "0",
			"ALL_SYST": "1"
		}, {
			"mstrEntyId": "8932207",
			"stdFullNm": "ADAM CASEY SMITH",
			"dtOfBrth": "1987-05-30",
			"sexCd": "MALE",
			"stdAdrsVlu": "4 BURNS AVENUE YOKINE WA 6060 AU",
			"phnNbr": "",
			"crdntlTypCd": "TD",
			"crdntlVlu": "PA4779487",
			"issngCntryCd": "",
			"mstrInd": "Y",
			"mdmPrflNm": "InitLd_RefData_DIRECT_MST",
			"mdmMtchScrPrc": "",
			"entyVldStrtTmstmp": "2015-04-01 15:51:25.78",
			"emailVlu": "",
			"PNR": "0",
			"ICS": "11",
			"IAT": "1",
			"BAGS": "0",
			"INTCP": "0",
			"DGMS": "0",
			"ABR": "0",
			"ASIC": "1",
			"EROLL": "1",
			"IATA": "0",
			"ALL_SYST": "14"
		}, {
			"mstrEntyId": "390826741",
			"stdFullNm": "ADAM CASEY SMITH",
			"dtOfBrth": "",
			"sexCd": "",
			"stdAdrsVlu": "88 WILLIAM STREET PERTH WA 6000 AU",
			"phnNbr": "",
			"crdntlTypCd": "",
			"crdntlVlu": "",
			"issngCntryCd": "",
			"mstrInd": "Y",
			"mdmPrflNm": "LEFTOVER - NEW ROW",
			"mdmMtchScrPrc": "",
			"entyVldStrtTmstmp": "2014-04-29 17:18:22.183075",
			"emailVlu": "",
			"PNR": "0",
			"ICS": "15",
			"IAT": "0",
			"BAGS": "0",
			"INTCP": "0",
			"DGMS": "0",
			"ABR": "0",
			"ASIC": "0",
			"EROLL": "0",
			"IATA": "0",
			"ALL_SYST": "15"
		}, {
			"mstrEntyId": "392041151",
			"stdFullNm": "ADAM CATHERINE SMITH",
			"dtOfBrth": "",
			"sexCd": "",
			"stdAdrsVlu": "6 FENWICK STREET CLIFTON HILL VIC 3068 AU",
			"phnNbr": "",
			"crdntlTypCd": "",
			"crdntlVlu": "",
			"issngCntryCd": "",
			"mstrInd": "Y",
			"mdmPrflNm": "LEFTOVER - NEW ROW",
			"mdmMtchScrPrc": "",
			"entyVldStrtTmstmp": "2014-03-15 12:07:32.124122",
			"emailVlu": "",
			"PNR": "0",
			"ICS": "2",
			"IAT": "0",
			"BAGS": "0",
			"INTCP": "0",
			"DGMS": "0",
			"ABR": "0",
			"ASIC": "0",
			"EROLL": "0",
			"IATA": "0",
			"ALL_SYST": "2"
		}, {
			"mstrEntyId": "143929143",
			"stdFullNm": "ADAM CATTERSON SMITH",
			"dtOfBrth": "",
			"sexCd": "",
			"stdAdrsVlu": "UNIT 131/ 81 KING WILLIAM STREET BAYSWATER WA 6053 AU",
			"phnNbr": "",
			"crdntlTypCd": "",
			"crdntlVlu": "",
			"issngCntryCd": "",
			"mstrInd": "Y",
			"mdmPrflNm": "LEFTOVER - NEW ROW",
			"mdmMtchScrPrc": "",
			"entyVldStrtTmstmp": "2008-09-08 21:47:55.907417",
			"emailVlu": "",
			"PNR": "0",
			"ICS": "2",
			"IAT": "0",
			"BAGS": "0",
			"INTCP": "0",
			"DGMS": "0",
			"ABR": "0",
			"ASIC": "0",
			"EROLL": "0",
			"IATA": "0",
			"ALL_SYST": "2"
		}, {
			"mstrEntyId": "8539989",
			"stdFullNm": "ADAM CHARLES SMITH",
			"dtOfBrth": "1985-05-23",
			"sexCd": "MALE",
			"stdAdrsVlu": "3 ALDRIDGE STREET KEPNOCK QLD 4670 AU",
			"phnNbr": "",
			"crdntlTypCd": "TD",
			"crdntlVlu": "M8707590",
			"issngCntryCd": "",
			"mstrInd": "Y",
			"mdmPrflNm": "InitLd_RefData_DIRECT_MST",
			"mdmMtchScrPrc": "",
			"entyVldStrtTmstmp": "2015-04-01 15:51:25.78",
			"emailVlu": "",
			"PNR": "0",
			"ICS": "3",
			"IAT": "1",
			"BAGS": "0",
			"INTCP": "0",
			"DGMS": "0",
			"ABR": "0",
			"ASIC": "0",
			"EROLL": "1",
			"IATA": "0",
			"ALL_SYST": "5"
		}, {
			"mstrEntyId": "779187381",
			"stdFullNm": "ADAM CHARLES SMITH",
			"dtOfBrth": "1970-12-21",
			"sexCd": "MALE",
			"stdAdrsVlu": "",
			"phnNbr": "",
			"crdntlTypCd": "TD",
			"crdntlVlu": "208085669",
			"issngCntryCd": "",
			"mstrInd": "Y",
			"mdmPrflNm": "LEFTOVER - NEW ROW",
			"mdmMtchScrPrc": "",
			"entyVldStrtTmstmp": "2007-03-30 16:00:46.52",
			"emailVlu": "",
			"PNR": "0",
			"ICS": "0",
			"IAT": "1",
			"BAGS": "0",
			"INTCP": "0",
			"DGMS": "0",
			"ABR": "0",
			"ASIC": "0",
			"EROLL": "0",
			"IATA": "0",
			"ALL_SYST": "1"
		}, {
			"mstrEntyId": "2287052",
			"stdFullNm": "ADAM CHARLES SMITH",
			"dtOfBrth": "1969-06-10",
			"sexCd": "MALE",
			"stdAdrsVlu": "135 LEARMONTH DRIVE KAMBAH ACT 2902 AU",
			"phnNbr": "",
			"crdntlTypCd": "",
			"crdntlVlu": "",
			"issngCntryCd": "",
			"mstrInd": "Y",
			"mdmPrflNm": "InitLd_RefData_DIRECT_MST",
			"mdmMtchScrPrc": "",
			"entyVldStrtTmstmp": "2015-04-01 15:51:25.78",
			"emailVlu": "",
			"PNR": "0",
			"ICS": "2",
			"IAT": "0",
			"BAGS": "0",
			"INTCP": "0",
			"DGMS": "0",
			"ABR": "0",
			"ASIC": "1",
			"EROLL": "1",
			"IATA": "0",
			"ALL_SYST": "4"
		}, {
			"mstrEntyId": "12595458",
			"stdFullNm": "ADAM CHARLES SMITH",
			"dtOfBrth": "1982-12-22",
			"sexCd": "MALE",
			"stdAdrsVlu": "191 BRIGHTON STREET RICHMOND VIC 3121 AU",
			"phnNbr": "",
			"crdntlTypCd": "TD",
			"crdntlVlu": "PA2404756",
			"issngCntryCd": "",
			"mstrInd": "Y",
			"mdmPrflNm": "InitLd_RefData_DIRECT_MST",
			"mdmMtchScrPrc": "",
			"entyVldStrtTmstmp": "2015-04-01 15:51:25.78",
			"emailVlu": "",
			"PNR": "1",
			"ICS": "0",
			"IAT": "1",
			"BAGS": "0",
			"INTCP": "0",
			"DGMS": "0",
			"ABR": "0",
			"ASIC": "0",
			"EROLL": "1",
			"IATA": "0",
			"ALL_SYST": "3"
		}, {
			"mstrEntyId": "12288446",
			"stdFullNm": "ADAM CHARLES SMITH",
			"dtOfBrth": "1980-07-06",
			"sexCd": "MALE",
			"stdAdrsVlu": "18 COLAC COURT PATTERSON LAKES VIC 3197 AU",
			"phnNbr": "",
			"crdntlTypCd": "TD",
			"crdntlVlu": "M2267328",
			"issngCntryCd": "",
			"mstrInd": "Y",
			"mdmPrflNm": "InitLd_RefData_DIRECT_MST",
			"mdmMtchScrPrc": "",
			"entyVldStrtTmstmp": "2015-04-01 15:51:25.78",
			"emailVlu": "",
			"PNR": "0",
			"ICS": "2",
			"IAT": "2",
			"BAGS": "0",
			"INTCP": "0",
			"DGMS": "0",
			"ABR": "0",
			"ASIC": "0",
			"EROLL": "1",
			"IATA": "0",
			"ALL_SYST": "5"
		}, {
			"mstrEntyId": "7707873",
			"stdFullNm": "ADAM CHARLES SMITH",
			"dtOfBrth": "1970-05-12",
			"sexCd": "MALE",
			"stdAdrsVlu": "30 SEACREST STREET SAFETY BAY WA 6169 AU",
			"phnNbr": "",
			"crdntlTypCd": "TD",
			"crdntlVlu": "PA7004894",
			"issngCntryCd": "",
			"mstrInd": "Y",
			"mdmPrflNm": "InitLd_RefData_DIRECT_MST",
			"mdmMtchScrPrc": "",
			"entyVldStrtTmstmp": "2015-04-01 15:51:25.78",
			"emailVlu": "",
			"PNR": "1",
			"ICS": "8",
			"IAT": "1",
			"BAGS": "0",
			"INTCP": "0",
			"DGMS": "0",
			"ABR": "0",
			"ASIC": "0",
			"EROLL": "1",
			"IATA": "0",
			"ALL_SYST": "11"
		}, {
			"mstrEntyId": "7596975",
			"stdFullNm": "ADAM CHARLES SMITH",
			"dtOfBrth": "1991-01-21",
			"sexCd": "MALE",
			"stdAdrsVlu": "110 PENGUIN ROAD SAFETY BAY WA 6169 AU",
			"phnNbr": "",
			"crdntlTypCd": "TD",
			"crdntlVlu": "N7449504",
			"issngCntryCd": "",
			"mstrInd": "Y",
			"mdmPrflNm": "InitLd_RefData_DIRECT_MST",
			"mdmMtchScrPrc": "",
			"entyVldStrtTmstmp": "2015-04-01 15:51:25.78",
			"emailVlu": "",
			"PNR": "0",
			"ICS": "0",
			"IAT": "1",
			"BAGS": "0",
			"INTCP": "0",
			"DGMS": "0",
			"ABR": "0",
			"ASIC": "0",
			"EROLL": "1",
			"IATA": "0",
			"ALL_SYST": "2"
		}, {
			"mstrEntyId": "12797493",
			"stdFullNm": "ADAM CHARLES SMITH",
			"dtOfBrth": "1986-03-11",
			"sexCd": "MALE",
			"stdAdrsVlu": "16 CARRIE STREET ZILLMERE QLD 4034 AU",
			"phnNbr": "",
			"crdntlTypCd": "CCID",
			"crdntlVlu": "CET4377437R",
			"issngCntryCd": "",
			"mstrInd": "Y",
			"mdmPrflNm": "InitLd_RefData_DIRECT_MST",
			"mdmMtchScrPrc": "",
			"entyVldStrtTmstmp": "2015-04-01 15:51:25.78",
			"emailVlu": "CONSULTING@SERVFIRE.NET",
			"PNR": "0",
			"ICS": "16",
			"IAT": "1",
			"BAGS": "0",
			"INTCP": "0",
			"DGMS": "0",
			"ABR": "1",
			"ASIC": "0",
			"EROLL": "1",
			"IATA": "1",
			"ALL_SYST": "20"
		}, {
			"mstrEntyId": "12198388",
			"stdFullNm": "ADAM CHARLES SMITH",
			"dtOfBrth": "1988-05-17",
			"sexCd": "MALE",
			"stdAdrsVlu": "275 CHERRY TREE ROAD PANTON HILL VIC 3759 AU",
			"phnNbr": "",
			"crdntlTypCd": "",
			"crdntlVlu": "",
			"issngCntryCd": "",
			"mstrInd": "Y",
			"mdmPrflNm": "InitLd_RefData_DIRECT_MST",
			"mdmMtchScrPrc": "",
			"entyVldStrtTmstmp": "2015-04-01 15:51:25.78",
			"emailVlu": "",
			"PNR": "0",
			"ICS": "0",
			"IAT": "0",
			"BAGS": "0",
			"INTCP": "0",
			"DGMS": "0",
			"ABR": "0",
			"ASIC": "0",
			"EROLL": "1",
			"IATA": "0",
			"ALL_SYST": "1"
		}, {
			"mstrEntyId": "8500157",
			"stdFullNm": "ADAM CHARLES SMITH",
			"dtOfBrth": "1992-12-01",
			"sexCd": "MALE",
			"stdAdrsVlu": "14 MELITA STREET KENMORE QLD 4069 AU",
			"phnNbr": "",
			"crdntlTypCd": "TD",
			"crdntlVlu": "N8375489",
			"issngCntryCd": "",
			"mstrInd": "Y",
			"mdmPrflNm": "InitLd_RefData_DIRECT_MST",
			"mdmMtchScrPrc": "",
			"entyVldStrtTmstmp": "2015-04-01 15:51:25.78",
			"emailVlu": "",
			"PNR": "1",
			"ICS": "1",
			"IAT": "1",
			"BAGS": "0",
			"INTCP": "0",
			"DGMS": "0",
			"ABR": "0",
			"ASIC": "0",
			"EROLL": "1",
			"IATA": "0",
			"ALL_SYST": "4"
		}, {
			"mstrEntyId": "1240314270",
			"stdFullNm": "ADAM CHRISTIAN ABBOTT SMITH",
			"dtOfBrth": "2000-10-30",
			"sexCd": "MALE",
			"stdAdrsVlu": "",
			"phnNbr": "",
			"crdntlTypCd": "TD",
			"crdntlVlu": "519953793",
			"issngCntryCd": "",
			"mstrInd": "Y",
			"mdmPrflNm": "LEFTOVER - NEW ROW",
			"mdmMtchScrPrc": "",
			"entyVldStrtTmstmp": "2013-11-27 03:16:38.17",
			"emailVlu": "",
			"PNR": "0",
			"ICS": "0",
			"IAT": "1",
			"BAGS": "0",
			"INTCP": "0",
			"DGMS": "0",
			"ABR": "0",
			"ASIC": "0",
			"EROLL": "0",
			"IATA": "0",
			"ALL_SYST": "1"
		}, {
			"mstrEntyId": "11221660",
			"stdFullNm": "ADAM CHRISTIAN SMITH",
			"dtOfBrth": "1972-02-16",
			"sexCd": "MALE",
			"stdAdrsVlu": "9 ST GEORGES AVENUE MONTROSE VIC 3765 AU",
			"phnNbr": "",
			"crdntlTypCd": "TD",
			"crdntlVlu": "N3918977",
			"issngCntryCd": "",
			"mstrInd": "Y",
			"mdmPrflNm": "InitLd_RefData_DIRECT_MST",
			"mdmMtchScrPrc": "",
			"entyVldStrtTmstmp": "2015-04-01 15:51:25.78",
			"emailVlu": "",
			"PNR": "0",
			"ICS": "0",
			"IAT": "2",
			"BAGS": "0",
			"INTCP": "0",
			"DGMS": "0",
			"ABR": "1",
			"ASIC": "0",
			"EROLL": "1",
			"IATA": "0",
			"ALL_SYST": "4"
		}, {
			"mstrEntyId": "728513463",
			"stdFullNm": "ADAM CHRISTOPHER SMITH",
			"dtOfBrth": "1977-02-09",
			"sexCd": "",
			"stdAdrsVlu": "23 PHOEBUS STREET UPPER MOUNT GRAVATT QLD 4122 AU",
			"phnNbr": "",
			"crdntlTypCd": "",
			"crdntlVlu": "",
			"issngCntryCd": "",
			"mstrInd": "Y",
			"mdmPrflNm": "LEFTOVER - NEW ROW",
			"mdmMtchScrPrc": "",
			"entyVldStrtTmstmp": "1995-09-15 00:00:00.0",
			"emailVlu": "",
			"PNR": "0",
			"ICS": "0",
			"IAT": "0",
			"BAGS": "0",
			"INTCP": "0",
			"DGMS": "0",
			"ABR": "0",
			"ASIC": "1",
			"EROLL": "0",
			"IATA": "0",
			"ALL_SYST": "1"
		}, {
			"mstrEntyId": "12615644",
			"stdFullNm": "ADAM CHRISTOPHER SMITH",
			"dtOfBrth": "1979-03-05",
			"sexCd": "MALE",
			"stdAdrsVlu": "UNIT 3/ 10 KIRK STREET RINGWOOD VIC 3134 AU",
			"phnNbr": "",
			"crdntlTypCd": "",
			"crdntlVlu": "",
			"issngCntryCd": "",
			"mstrInd": "Y",
			"mdmPrflNm": "InitLd_RefData_DIRECT_MST",
			"mdmMtchScrPrc": "",
			"entyVldStrtTmstmp": "2015-04-01 15:51:25.78",
			"emailVlu": "",
			"PNR": "0",
			"ICS": "0",
			"IAT": "0",
			"BAGS": "0",
			"INTCP": "0",
			"DGMS": "0",
			"ABR": "0",
			"ASIC": "0",
			"EROLL": "1",
			"IATA": "0",
			"ALL_SYST": "1"
		}, {
			"mstrEntyId": "8588115",
			"stdFullNm": "ADAM CHRISTOPHER SMITH",
			"dtOfBrth": "1976-11-01",
			"sexCd": "MALE",
			"stdAdrsVlu": "2 BEECH AVENUE KIN KORA QLD 4680 AU",
			"phnNbr": "",
			"crdntlTypCd": "",
			"crdntlVlu": "",
			"issngCntryCd": "",
			"mstrInd": "Y",
			"mdmPrflNm": "InitLd_RefData_DIRECT_MST",
			"mdmMtchScrPrc": "",
			"entyVldStrtTmstmp": "2015-04-01 15:51:25.78",
			"emailVlu": "",
			"PNR": "0",
			"ICS": "0",
			"IAT": "0",
			"BAGS": "0",
			"INTCP": "0",
			"DGMS": "0",
			"ABR": "0",
			"ASIC": "0",
			"EROLL": "1",
			"IATA": "0",
			"ALL_SYST": "1"
		}, {
			"mstrEntyId": "11859848",
			"stdFullNm": "ADAM CHRISTOPHER SMITH",
			"dtOfBrth": "1973-02-17",
			"sexCd": "MALE",
			"stdAdrsVlu": "26 JUNCTION STREET NEWPORT VIC 3015 AU",
			"phnNbr": "",
			"crdntlTypCd": "TD",
			"crdntlVlu": "M7029872",
			"issngCntryCd": "",
			"mstrInd": "Y",
			"mdmPrflNm": "InitLd_RefData_DIRECT_MST",
			"mdmMtchScrPrc": "",
			"entyVldStrtTmstmp": "2015-04-01 15:51:25.78",
			"emailVlu": "NARELLE.LITTLE@BIGPOND.COM",
			"PNR": "1",
			"ICS": "0",
			"IAT": "1",
			"BAGS": "0",
			"INTCP": "0",
			"DGMS": "0",
			"ABR": "1",
			"ASIC": "1",
			"EROLL": "1",
			"IATA": "0",
			"ALL_SYST": "5"
		}, {
			"mstrEntyId": "10650930",
			"stdFullNm": "ADAM CHRISTOPHER SMITH",
			"dtOfBrth": "1981-09-04",
			"sexCd": "MALE",
			"stdAdrsVlu": "36 SKYHAWK AVENUE HAMLYN TERRACE NSW 2259 AU",
			"phnNbr": "",
			"crdntlTypCd": "TD",
			"crdntlVlu": "N6107909",
			"issngCntryCd": "",
			"mstrInd": "Y",
			"mdmPrflNm": "InitLd_RefData_DIRECT_MST",
			"mdmMtchScrPrc": "",
			"entyVldStrtTmstmp": "2015-04-01 15:51:25.78",
			"emailVlu": "",
			"PNR": "1",
			"ICS": "3",
			"IAT": "1",
			"BAGS": "0",
			"INTCP": "0",
			"DGMS": "0",
			"ABR": "0",
			"ASIC": "0",
			"EROLL": "1",
			"IATA": "0",
			"ALL_SYST": "6"
		}, {
			"mstrEntyId": "1625656",
			"stdFullNm": "ADAM CHRISTOPHER SMITH",
			"dtOfBrth": "1992-10-18",
			"sexCd": "MALE",
			"stdAdrsVlu": "5 BROOMHURST STREET BALDIVIS WA 6171 AU",
			"phnNbr": "",
			"crdntlTypCd": "TD",
			"crdntlVlu": "PA2674309",
			"issngCntryCd": "",
			"mstrInd": "Y",
			"mdmPrflNm": "InitLd_RefData_DIRECT_MST",
			"mdmMtchScrPrc": "",
			"entyVldStrtTmstmp": "2015-04-01 15:51:25.78",
			"emailVlu": "",
			"PNR": "1",
			"ICS": "1",
			"IAT": "1",
			"BAGS": "0",
			"INTCP": "0",
			"DGMS": "0",
			"ABR": "0",
			"ASIC": "0",
			"EROLL": "1",
			"IATA": "0",
			"ALL_SYST": "4"
		}, {
			"mstrEntyId": "731271262",
			"stdFullNm": "ADAM CHRISTOPHER SMITH",
			"dtOfBrth": "1972-09-06",
			"sexCd": "",
			"stdAdrsVlu": "56 HARRIS STREET WINDSOR QLD 4030 AU",
			"phnNbr": "",
			"crdntlTypCd": "TD",
			"crdntlVlu": "M1770397",
			"issngCntryCd": "",
			"mstrInd": "Y",
			"mdmPrflNm": "LEFTOVER - NEW ROW",
			"mdmMtchScrPrc": "",
			"entyVldStrtTmstmp": "2004-06-28 00:00:00.0",
			"emailVlu": "",
			"PNR": "0",
			"ICS": "1",
			"IAT": "1",
			"BAGS": "0",
			"INTCP": "0",
			"DGMS": "0",
			"ABR": "0",
			"ASIC": "3",
			"EROLL": "0",
			"IATA": "0",
			"ALL_SYST": "5"
		}, {
			"mstrEntyId": "754956968",
			"stdFullNm": "ADAM CHRISTOPHER SMITH",
			"dtOfBrth": "1983-10-13",
			"sexCd": "MALE",
			"stdAdrsVlu": "",
			"phnNbr": "",
			"crdntlTypCd": "VISA",
			"crdntlVlu": "5090000894082509008940802000",
			"issngCntryCd": "",
			"mstrInd": "Y",
			"mdmPrflNm": "LEFTOVER - NEW ROW",
			"mdmMtchScrPrc": "",
			"entyVldStrtTmstmp": "2005-11-22 21:35:17.0",
			"emailVlu": "",
			"PNR": "0",
			"ICS": "0",
			"IAT": "1",
			"BAGS": "0",
			"INTCP": "0",
			"DGMS": "0",
			"ABR": "0",
			"ASIC": "0",
			"EROLL": "0",
			"IATA": "0",
			"ALL_SYST": "1"
		}, {
			"mstrEntyId": "10845445",
			"stdFullNm": "ADAM CLAYTON SMITH",
			"dtOfBrth": "1978-03-04",
			"sexCd": "MALE",
			"stdAdrsVlu": "31 ROSSINI DRIVE HINCHINBROOK NSW 2168 AU",
			"phnNbr": "",
			"crdntlTypCd": "TD",
			"crdntlVlu": "L8438673",
			"issngCntryCd": "",
			"mstrInd": "Y",
			"mdmPrflNm": "InitLd_RefData_DIRECT_MST",
			"mdmMtchScrPrc": "",
			"entyVldStrtTmstmp": "2015-04-01 15:51:25.78",
			"emailVlu": "",
			"PNR": "0",
			"ICS": "0",
			"IAT": "1",
			"BAGS": "0",
			"INTCP": "0",
			"DGMS": "0",
			"ABR": "0",
			"ASIC": "0",
			"EROLL": "1",
			"IATA": "0",
			"ALL_SYST": "2"
		}, {
			"mstrEntyId": "747866534",
			"stdFullNm": "ADAM CLIVE SMITH",
			"dtOfBrth": "1978-07-02",
			"sexCd": "MALE",
			"stdAdrsVlu": "",
			"phnNbr": "",
			"crdntlTypCd": "VISA",
			"crdntlVlu": "5800000506062580005060602000",
			"issngCntryCd": "",
			"mstrInd": "Y",
			"mdmPrflNm": "LEFTOVER - NEW ROW",
			"mdmMtchScrPrc": "",
			"entyVldStrtTmstmp": "2005-11-22 21:35:17.0",
			"emailVlu": "",
			"PNR": "0",
			"ICS": "0",
			"IAT": "1",
			"BAGS": "0",
			"INTCP": "0",
			"DGMS": "0",
			"ABR": "0",
			"ASIC": "0",
			"EROLL": "0",
			"IATA": "0",
			"ALL_SYST": "1"
		}, {
			"mstrEntyId": "249674470",
			"stdFullNm": "ADAM COLEMAN SMITH",
			"dtOfBrth": "",
			"sexCd": "",
			"stdAdrsVlu": "43 PACIFIC AVENUE MIAMI QLD 4220 AU",
			"phnNbr": "",
			"crdntlTypCd": "",
			"crdntlVlu": "",
			"issngCntryCd": "",
			"mstrInd": "Y",
			"mdmPrflNm": "LEFTOVER - NEW ROW",
			"mdmMtchScrPrc": "",
			"entyVldStrtTmstmp": "2011-06-15 03:53:13.972896",
			"emailVlu": "",
			"PNR": "0",
			"ICS": "1",
			"IAT": "0",
			"BAGS": "0",
			"INTCP": "0",
			"DGMS": "0",
			"ABR": "0",
			"ASIC": "0",
			"EROLL": "0",
			"IATA": "0",
			"ALL_SYST": "1"
		}, {
			"mstrEntyId": "5009650",
			"stdFullNm": "ADAM COLIN SMITH",
			"dtOfBrth": "1975-07-28",
			"sexCd": "MALE",
			"stdAdrsVlu": "GOLF COURSE RESIDENCE 657 CHAMBERS FLAT ROAD CHAMBERS FLAT QLD 4133 AU",
			"phnNbr": "",
			"crdntlTypCd": "ABN",
			"crdntlVlu": "43815597421",
			"issngCntryCd": "AUS",
			"mstrInd": "Y",
			"mdmPrflNm": "InitLd_RefData_DIRECT_MST",
			"mdmMtchScrPrc": "",
			"entyVldStrtTmstmp": "2015-04-01 15:51:25.78",
			"emailVlu": "",
			"PNR": "0",
			"ICS": "1",
			"IAT": "0",
			"BAGS": "0",
			"INTCP": "0",
			"DGMS": "0",
			"ABR": "1",
			"ASIC": "0",
			"EROLL": "1",
			"IATA": "0",
			"ALL_SYST": "3"
		}, {
			"mstrEntyId": "1523566",
			"stdFullNm": "ADAM COLIN SMITH",
			"dtOfBrth": "1979-09-11",
			"sexCd": "MALE",
			"stdAdrsVlu": "12 RICHARD STREET ANDERGROVE QLD 4740 AU",
			"phnNbr": "",
			"crdntlTypCd": "TD",
			"crdntlVlu": "N1374529",
			"issngCntryCd": "",
			"mstrInd": "Y",
			"mdmPrflNm": "InitLd_RefData_DIRECT_MST",
			"mdmMtchScrPrc": "",
			"entyVldStrtTmstmp": "2015-04-01 15:51:25.78",
			"emailVlu": "",
			"PNR": "0",
			"ICS": "0",
			"IAT": "1",
			"BAGS": "0",
			"INTCP": "0",
			"DGMS": "0",
			"ABR": "0",
			"ASIC": "0",
			"EROLL": "1",
			"IATA": "0",
			"ALL_SYST": "2"
		}, {
			"mstrEntyId": "4426346",
			"stdFullNm": "ADAM CRAIG SMITH",
			"dtOfBrth": "1982-05-22",
			"sexCd": "MALE",
			"stdAdrsVlu": "59 FRUIT TREE CRESCENT FORRESTFIELD WA 6058 AU",
			"phnNbr": "",
			"crdntlTypCd": "TD",
			"crdntlVlu": "PA1442376",
			"issngCntryCd": "",
			"mstrInd": "Y",
			"mdmPrflNm": "InitLd_RefData_DIRECT_MST",
			"mdmMtchScrPrc": "",
			"entyVldStrtTmstmp": "2015-04-01 15:51:25.78",
			"emailVlu": "",
			"PNR": "0",
			"ICS": "1",
			"IAT": "1",
			"BAGS": "0",
			"INTCP": "0",
			"DGMS": "0",
			"ABR": "0",
			"ASIC": "1",
			"EROLL": "1",
			"IATA": "0",
			"ALL_SYST": "4"
		}, {
			"mstrEntyId": "6988444",
			"stdFullNm": "ADAM CRAIG SMITH",
			"dtOfBrth": "1965-11-18",
			"sexCd": "MALE",
			"stdAdrsVlu": "21 HARCOURT STREET DONCASTER VIC 3108 AU",
			"phnNbr": "",
			"crdntlTypCd": "",
			"crdntlVlu": "",
			"issngCntryCd": "",
			"mstrInd": "Y",
			"mdmPrflNm": "InitLd_RefData_DIRECT_MST",
			"mdmMtchScrPrc": "",
			"entyVldStrtTmstmp": "2015-04-01 15:51:25.78",
			"emailVlu": "",
			"PNR": "0",
			"ICS": "0",
			"IAT": "0",
			"BAGS": "0",
			"INTCP": "0",
			"DGMS": "0",
			"ABR": "0",
			"ASIC": "0",
			"EROLL": "1",
			"IATA": "0",
			"ALL_SYST": "1"
		}, {
			"mstrEntyId": "12486929",
			"stdFullNm": "ADAM CRAIG SMITH",
			"dtOfBrth": "1983-03-28",
			"sexCd": "MALE",
			"stdAdrsVlu": "4 BRANDO LANE WEST GLADSTONE QLD 4680 AU",
			"phnNbr": "",
			"crdntlTypCd": "TD",
			"crdntlVlu": "N4560127",
			"issngCntryCd": "",
			"mstrInd": "Y",
			"mdmPrflNm": "InitLd_RefData_DIRECT_MST",
			"mdmMtchScrPrc": "",
			"entyVldStrtTmstmp": "2015-04-01 15:51:25.78",
			"emailVlu": "",
			"PNR": "0",
			"ICS": "0",
			"IAT": "1",
			"BAGS": "0",
			"INTCP": "0",
			"DGMS": "0",
			"ABR": "0",
			"ASIC": "0",
			"EROLL": "1",
			"IATA": "0",
			"ALL_SYST": "2"
		}, {
			"mstrEntyId": "7288872",
			"stdFullNm": "ADAM CRAIG SMITH",
			"dtOfBrth": "1969-05-29",
			"sexCd": "MALE",
			"stdAdrsVlu": "23 THOMAS STREET WHYALLA STUART SA 5608 AU",
			"phnNbr": "",
			"crdntlTypCd": "",
			"crdntlVlu": "",
			"issngCntryCd": "",
			"mstrInd": "Y",
			"mdmPrflNm": "InitLd_RefData_DIRECT_MST",
			"mdmMtchScrPrc": "",
			"entyVldStrtTmstmp": "2015-04-01 15:51:25.78",
			"emailVlu": "",
			"PNR": "0",
			"ICS": "1",
			"IAT": "0",
			"BAGS": "0",
			"INTCP": "0",
			"DGMS": "0",
			"ABR": "0",
			"ASIC": "0",
			"EROLL": "1",
			"IATA": "0",
			"ALL_SYST": "2"
		}, {
			"mstrEntyId": "344929833",
			"stdFullNm": "ADAM D SMITH",
			"dtOfBrth": "",
			"sexCd": "",
			"stdAdrsVlu": "12 HIGHFIELD ROAD MELBOURNE 3001 AU",
			"phnNbr": "",
			"crdntlTypCd": "",
			"crdntlVlu": "",
			"issngCntryCd": "",
			"mstrInd": "Y",
			"mdmPrflNm": "LEFTOVER - NEW ROW",
			"mdmMtchScrPrc": "",
			"entyVldStrtTmstmp": "2013-01-11 17:40:12.555491",
			"emailVlu": "",
			"PNR": "0",
			"ICS": "1",
			"IAT": "0",
			"BAGS": "0",
			"INTCP": "0",
			"DGMS": "0",
			"ABR": "0",
			"ASIC": "0",
			"EROLL": "0",
			"IATA": "0",
			"ALL_SYST": "1"
		}, {
			"mstrEntyId": "155087450",
			"stdFullNm": "ADAM D SMITH",
			"dtOfBrth": "",
			"sexCd": "",
			"stdAdrsVlu": "SWEETAS WARE HSE 954 NORTH ROAD BENTLEIGH EAST VIC 3165 AU",
			"phnNbr": "",
			"crdntlTypCd": "",
			"crdntlVlu": "",
			"issngCntryCd": "",
			"mstrInd": "Y",
			"mdmPrflNm": "LEFTOVER - NEW ROW",
			"mdmMtchScrPrc": "",
			"entyVldStrtTmstmp": "2014-04-01 17:56:02.98989",
			"emailVlu": "",
			"PNR": "0",
			"ICS": "18",
			"IAT": "0",
			"BAGS": "0",
			"INTCP": "0",
			"DGMS": "0",
			"ABR": "0",
			"ASIC": "0",
			"EROLL": "0",
			"IATA": "0",
			"ALL_SYST": "18"
		}, {
			"mstrEntyId": "7759649",
			"stdFullNm": "ADAM DAMIEN SMITH",
			"dtOfBrth": "1977-09-19",
			"sexCd": "MALE",
			"stdAdrsVlu": "8 CULLEN STREET SHENTON PARK WA 6008 AU",
			"phnNbr": "",
			"crdntlTypCd": "TD",
			"crdntlVlu": "N1852466",
			"issngCntryCd": "",
			"mstrInd": "Y",
			"mdmPrflNm": "InitLd_RefData_DIRECT_MST",
			"mdmMtchScrPrc": "",
			"entyVldStrtTmstmp": "2015-04-01 15:51:25.78",
			"emailVlu": "GEOFF.SMITH@HEALTH.WA.GOV.AU",
			"PNR": "1",
			"ICS": "0",
			"IAT": "1",
			"BAGS": "0",
			"INTCP": "0",
			"DGMS": "0",
			"ABR": "1",
			"ASIC": "1",
			"EROLL": "1",
			"IATA": "0",
			"ALL_SYST": "5"
		}, {
			"mstrEntyId": "7121141",
			"stdFullNm": "ADAM DANIEL SMITH",
			"dtOfBrth": "1978-02-14",
			"sexCd": "MALE",
			"stdAdrsVlu": "UNIT 1/ 111 VICTORIA STREET COFFS HARBOUR NSW 2450 AU",
			"phnNbr": "",
			"crdntlTypCd": "TD",
			"crdntlVlu": "N5056946",
			"issngCntryCd": "",
			"mstrInd": "Y",
			"mdmPrflNm": "InitLd_RefData_DIRECT_MST",
			"mdmMtchScrPrc": "",
			"entyVldStrtTmstmp": "2015-04-01 15:51:25.78",
			"emailVlu": "",
			"PNR": "0",
			"ICS": "0",
			"IAT": "1",
			"BAGS": "0",
			"INTCP": "0",
			"DGMS": "0",
			"ABR": "0",
			"ASIC": "0",
			"EROLL": "1",
			"IATA": "0",
			"ALL_SYST": "2"
		}, {
			"mstrEntyId": "1560642",
			"stdFullNm": "ADAM DANIEL SMITH",
			"dtOfBrth": "1981-11-27",
			"sexCd": "MALE",
			"stdAdrsVlu": "41 LIDDARD GARDENS BALDIVIS WA 6171 AU",
			"phnNbr": "",
			"crdntlTypCd": "TD",
			"crdntlVlu": "N1035689",
			"issngCntryCd": "",
			"mstrInd": "Y",
			"mdmPrflNm": "InitLd_RefData_DIRECT_MST",
			"mdmMtchScrPrc": "",
			"entyVldStrtTmstmp": "2015-04-01 15:51:25.78",
			"emailVlu": "",
			"PNR": "1",
			"ICS": "0",
			"IAT": "1",
			"BAGS": "0",
			"INTCP": "0",
			"DGMS": "0",
			"ABR": "0",
			"ASIC": "0",
			"EROLL": "1",
			"IATA": "0",
			"ALL_SYST": "3"
		}, {
			"mstrEntyId": "2652768",
			"stdFullNm": "ADAM DANIEL SMITH",
			"dtOfBrth": "1981-08-11",
			"sexCd": "MALE",
			"stdAdrsVlu": "36 HINGSTON CRESCENT NORWOOD TAS 7250 AU",
			"phnNbr": "",
			"crdntlTypCd": "",
			"crdntlVlu": "",
			"issngCntryCd": "",
			"mstrInd": "Y",
			"mdmPrflNm": "InitLd_RefData_DIRECT_MST",
			"mdmMtchScrPrc": "",
			"entyVldStrtTmstmp": "2015-04-01 15:51:25.78",
			"emailVlu": "",
			"PNR": "0",
			"ICS": "0",
			"IAT": "0",
			"BAGS": "0",
			"INTCP": "0",
			"DGMS": "0",
			"ABR": "0",
			"ASIC": "0",
			"EROLL": "1",
			"IATA": "0",
			"ALL_SYST": "1"
		}, {
			"mstrEntyId": "7750959",
			"stdFullNm": "ADAM DANIEL SMITH",
			"dtOfBrth": "1983-08-04",
			"sexCd": "MALE",
			"stdAdrsVlu": "6 GOSFORD COURT HELENSVALE QLD 4212 AU",
			"phnNbr": "",
			"crdntlTypCd": "",
			"crdntlVlu": "",
			"issngCntryCd": "",
			"mstrInd": "Y",
			"mdmPrflNm": "InitLd_RefData_DIRECT_MST",
			"mdmMtchScrPrc": "",
			"entyVldStrtTmstmp": "2015-04-01 15:51:25.78",
			"emailVlu": "",
			"PNR": "0",
			"ICS": "0",
			"IAT": "0",
			"BAGS": "0",
			"INTCP": "0",
			"DGMS": "0",
			"ABR": "0",
			"ASIC": "0",
			"EROLL": "1",
			"IATA": "0",
			"ALL_SYST": "1"
		}, {
			"mstrEntyId": "2789874",
			"stdFullNm": "ADAM DANIEL SMITH",
			"dtOfBrth": "1986-07-18",
			"sexCd": "MALE",
			"stdAdrsVlu": "67 CROTON STREET RIVETT ACT 2611 AU",
			"phnNbr": "",
			"crdntlTypCd": "TD",
			"crdntlVlu": "N2810040",
			"issngCntryCd": "",
			"mstrInd": "Y",
			"mdmPrflNm": "InitLd_RefData_DIRECT_MST",
			"mdmMtchScrPrc": "",
			"entyVldStrtTmstmp": "2015-04-01 15:51:25.78",
			"emailVlu": "",
			"PNR": "1",
			"ICS": "5",
			"IAT": "1",
			"BAGS": "0",
			"INTCP": "0",
			"DGMS": "0",
			"ABR": "0",
			"ASIC": "0",
			"EROLL": "1",
			"IATA": "0",
			"ALL_SYST": "8"
		}, {
			"mstrEntyId": "1621992",
			"stdFullNm": "ADAM DARCY SMITH",
			"dtOfBrth": "1988-05-30",
			"sexCd": "MALE",
			"stdAdrsVlu": "43 CHAPEL STREET BALDIVIS WA 6171 AU",
			"phnNbr": "",
			"crdntlTypCd": "TD",
			"crdntlVlu": "PA1084388",
			"issngCntryCd": "",
			"mstrInd": "Y",
			"mdmPrflNm": "InitLd_RefData_DIRECT_MST",
			"mdmMtchScrPrc": "",
			"entyVldStrtTmstmp": "2015-04-01 15:51:25.78",
			"emailVlu": "",
			"PNR": "2",
			"ICS": "0",
			"IAT": "1",
			"BAGS": "0",
			"INTCP": "0",
			"DGMS": "0",
			"ABR": "0",
			"ASIC": "0",
			"EROLL": "1",
			"IATA": "0",
			"ALL_SYST": "4"
		}, {
			"mstrEntyId": "2885746",
			"stdFullNm": "ADAM DARYL SMITH",
			"dtOfBrth": "1993-09-13",
			"sexCd": "MALE",
			"stdAdrsVlu": "8 LAURA AVENUE BELMONT VIC 3216 AU",
			"phnNbr": "",
			"crdntlTypCd": "",
			"crdntlVlu": "",
			"issngCntryCd": "",
			"mstrInd": "Y",
			"mdmPrflNm": "InitLd_RefData_DIRECT_MST",
			"mdmMtchScrPrc": "",
			"entyVldStrtTmstmp": "2015-04-01 15:51:25.78",
			"emailVlu": "",
			"PNR": "0",
			"ICS": "0",
			"IAT": "0",
			"BAGS": "0",
			"INTCP": "0",
			"DGMS": "0",
			"ABR": "0",
			"ASIC": "0",
			"EROLL": "1",
			"IATA": "0",
			"ALL_SYST": "1"
		}, {
			"mstrEntyId": "279176964",
			"stdFullNm": "ADAM DAVID SMITH",
			"dtOfBrth": "1985-05-30",
			"sexCd": "MALE",
			"stdAdrsVlu": "",
			"phnNbr": "",
			"crdntlTypCd": "VISA",
			"crdntlVlu": "0087200496000779993310657000",
			"issngCntryCd": "",
			"mstrInd": "Y",
			"mdmPrflNm": "LEFTOVER - NEW ROW",
			"mdmMtchScrPrc": "",
			"entyVldStrtTmstmp": "2010-04-17 19:12:34.6",
			"emailVlu": "",
			"PNR": "0",
			"ICS": "0",
			"IAT": "1",
			"BAGS": "1",
			"INTCP": "0",
			"DGMS": "0",
			"ABR": "0",
			"ASIC": "0",
			"EROLL": "0",
			"IATA": "0",
			"ALL_SYST": "2"
		}, {
			"mstrEntyId": "12321001",
			"stdFullNm": "ADAM DAVID SMITH",
			"dtOfBrth": "1992-05-20",
			"sexCd": "MALE",
			"stdAdrsVlu": "19 LINK ROAD VICTORIA POINT QLD 4165 AU",
			"phnNbr": "",
			"crdntlTypCd": "TD",
			"crdntlVlu": "PA2443717",
			"issngCntryCd": "",
			"mstrInd": "Y",
			"mdmPrflNm": "InitLd_RefData_DIRECT_MST",
			"mdmMtchScrPrc": "",
			"entyVldStrtTmstmp": "2015-04-01 15:51:25.78",
			"emailVlu": "",
			"PNR": "0",
			"ICS": "2",
			"IAT": "1",
			"BAGS": "0",
			"INTCP": "0",
			"DGMS": "0",
			"ABR": "0",
			"ASIC": "0",
			"EROLL": "1",
			"IATA": "0",
			"ALL_SYST": "4"
		}, {
			"mstrEntyId": "1152676707",
			"stdFullNm": "ADAM DAVID SMITH",
			"dtOfBrth": "1998-04-07",
			"sexCd": "MALE",
			"stdAdrsVlu": "",
			"phnNbr": "",
			"crdntlTypCd": "TD",
			"crdntlVlu": "106171268",
			"issngCntryCd": "",
			"mstrInd": "Y",
			"mdmPrflNm": "LEFTOVER - NEW ROW",
			"mdmMtchScrPrc": "",
			"entyVldStrtTmstmp": "2009-05-19 03:40:07.51",
			"emailVlu": "",
			"PNR": "0",
			"ICS": "0",
			"IAT": "1",
			"BAGS": "0",
			"INTCP": "0",
			"DGMS": "0",
			"ABR": "0",
			"ASIC": "0",
			"EROLL": "0",
			"IATA": "0",
			"ALL_SYST": "1"
		}, {
			"mstrEntyId": "7512578",
			"stdFullNm": "ADAM DAVID SMITH",
			"dtOfBrth": "1985-07-01",
			"sexCd": "MALE",
			"stdAdrsVlu": "123 HUMBUG SCRUB ROAD YATTALUNGA SA 5114 AU",
			"phnNbr": "",
			"crdntlTypCd": "TD",
			"crdntlVlu": "N4781334",
			"issngCntryCd": "",
			"mstrInd": "Y",
			"mdmPrflNm": "InitLd_RefData_DIRECT_MST",
			"mdmMtchScrPrc": "",
			"entyVldStrtTmstmp": "2015-04-01 15:51:25.78",
			"emailVlu": "",
			"PNR": "1",
			"ICS": "3",
			"IAT": "1",
			"BAGS": "0",
			"INTCP": "0",
			"DGMS": "0",
			"ABR": "0",
			"ASIC": "1",
			"EROLL": "1",
			"IATA": "0",
			"ALL_SYST": "7"
		}, {
			"mstrEntyId": "280541715",
			"stdFullNm": "ADAM DAVID SMITH",
			"dtOfBrth": "1984-07-12",
			"sexCd": "MALE",
			"stdAdrsVlu": "",
			"phnNbr": "",
			"crdntlTypCd": "TD",
			"crdntlVlu": "N9756455",
			"issngCntryCd": "",
			"mstrInd": "Y",
			"mdmPrflNm": "LEFTOVER - NEW ROW",
			"mdmMtchScrPrc": "",
			"entyVldStrtTmstmp": "2005-11-22 11:45:24.0",
			"emailVlu": "",
			"PNR": "2",
			"ICS": "0",
			"IAT": "1",
			"BAGS": "1",
			"INTCP": "0",
			"DGMS": "0",
			"ABR": "0",
			"ASIC": "0",
			"EROLL": "0",
			"IATA": "0",
			"ALL_SYST": "4"
		}, {
			"mstrEntyId": "2655647",
			"stdFullNm": "ADAM DAVID SMITH",
			"dtOfBrth": "1983-09-30",
			"sexCd": "MALE",
			"stdAdrsVlu": "16 DIANELLA STREET O'CONNOR ACT 2602 AU",
			"phnNbr": "",
			"crdntlTypCd": "TD",
			"crdntlVlu": "N7316865",
			"issngCntryCd": "",
			"mstrInd": "Y",
			"mdmPrflNm": "InitLd_RefData_DIRECT_MST",
			"mdmMtchScrPrc": "",
			"entyVldStrtTmstmp": "2015-04-01 15:51:25.78",
			"emailVlu": "",
			"PNR": "0",
			"ICS": "0",
			"IAT": "1",
			"BAGS": "0",
			"INTCP": "0",
			"DGMS": "0",
			"ABR": "0",
			"ASIC": "1",
			"EROLL": "1",
			"IATA": "0",
			"ALL_SYST": "3"
		}, {
			"mstrEntyId": "2925101",
			"stdFullNm": "ADAM DAVID SMITH",
			"dtOfBrth": "1984-10-14",
			"sexCd": "MALE",
			"stdAdrsVlu": "12 AMUNDSEN STREET BELMONT VIC 3216 AU",
			"phnNbr": "",
			"crdntlTypCd": "TD",
			"crdntlVlu": "N4384538",
			"issngCntryCd": "",
			"mstrInd": "Y",
			"mdmPrflNm": "InitLd_RefData_DIRECT_MST",
			"mdmMtchScrPrc": "",
			"entyVldStrtTmstmp": "2015-04-01 15:51:25.78",
			"emailVlu": "",
			"PNR": "1",
			"ICS": "0",
			"IAT": "1",
			"BAGS": "0",
			"INTCP": "0",
			"DGMS": "0",
			"ABR": "0",
			"ASIC": "0",
			"EROLL": "1",
			"IATA": "0",
			"ALL_SYST": "3"
		}, {
			"mstrEntyId": "1776861",
			"stdFullNm": "ADAM DAVID SMITH",
			"dtOfBrth": "1976-10-28",
			"sexCd": "MALE",
			"stdAdrsVlu": "83 MAY STREET PARAP NT 0820 AU",
			"phnNbr": "",
			"crdntlTypCd": "ABN",
			"crdntlVlu": "76884437002",
			"issngCntryCd": "AUS",
			"mstrInd": "Y",
			"mdmPrflNm": "InitLd_RefData_DIRECT_MST",
			"mdmMtchScrPrc": "",
			"entyVldStrtTmstmp": "2015-04-01 15:51:25.78",
			"emailVlu": "ADAMSMITH4JOBS@GMAIL.COM",
			"PNR": "0",
			"ICS": "4",
			"IAT": "0",
			"BAGS": "0",
			"INTCP": "0",
			"DGMS": "0",
			"ABR": "1",
			"ASIC": "0",
			"EROLL": "1",
			"IATA": "0",
			"ALL_SYST": "6"
		}, {
			"mstrEntyId": "11350545",
			"stdFullNm": "ADAM DAVID SMITH",
			"dtOfBrth": "1972-11-15",
			"sexCd": "MALE",
			"stdAdrsVlu": "45 FIRST AVENUE KATOOMBA NSW 2780 AU",
			"phnNbr": "",
			"crdntlTypCd": "TD",
			"crdntlVlu": "PA4705762",
			"issngCntryCd": "",
			"mstrInd": "Y",
			"mdmPrflNm": "InitLd_RefData_DIRECT_MST",
			"mdmMtchScrPrc": "",
			"entyVldStrtTmstmp": "2015-04-01 15:51:25.78",
			"emailVlu": "",
			"PNR": "1",
			"ICS": "0",
			"IAT": "1",
			"BAGS": "0",
			"INTCP": "0",
			"DGMS": "0",
			"ABR": "0",
			"ASIC": "0",
			"EROLL": "1",
			"IATA": "0",
			"ALL_SYST": "3"
		}, {
			"mstrEntyId": "11236505",
			"stdFullNm": "ADAM DAVID SMITH",
			"dtOfBrth": "1985-05-20",
			"sexCd": "MALE",
			"stdAdrsVlu": "403 FORD ROAD ROSENTHAL HEIGHTS QLD 4370 AU",
			"phnNbr": "",
			"crdntlTypCd": "TD",
			"crdntlVlu": "M5157462",
			"issngCntryCd": "",
			"mstrInd": "Y",
			"mdmPrflNm": "InitLd_RefData_DIRECT_MST",
			"mdmMtchScrPrc": "",
			"entyVldStrtTmstmp": "2015-04-01 15:51:25.78",
			"emailVlu": "",
			"PNR": "0",
			"ICS": "3",
			"IAT": "1",
			"BAGS": "0",
			"INTCP": "0",
			"DGMS": "0",
			"ABR": "0",
			"ASIC": "0",
			"EROLL": "1",
			"IATA": "0",
			"ALL_SYST": "5"
		}, {
			"mstrEntyId": "5568475",
			"stdFullNm": "ADAM DAVID SMITH",
			"dtOfBrth": "1977-06-26",
			"sexCd": "MALE",
			"stdAdrsVlu": "6 FENWICK STREET CLIFTON HILL VIC 3068 AU",
			"phnNbr": "",
			"crdntlTypCd": "TD",
			"crdntlVlu": "N2894409",
			"issngCntryCd": "",
			"mstrInd": "Y",
			"mdmPrflNm": "InitLd_RefData_DIRECT_MST",
			"mdmMtchScrPrc": "",
			"entyVldStrtTmstmp": "2015-04-01 15:51:25.78",
			"emailVlu": "",
			"PNR": "0",
			"ICS": "0",
			"IAT": "1",
			"BAGS": "0",
			"INTCP": "0",
			"DGMS": "0",
			"ABR": "0",
			"ASIC": "0",
			"EROLL": "1",
			"IATA": "0",
			"ALL_SYST": "2"
		}, {
			"mstrEntyId": "8919619",
			"stdFullNm": "ADAM DAVID SMITH",
			"dtOfBrth": "1988-11-17",
			"sexCd": "MALE",
			"stdAdrsVlu": "22 GARDINER STREET LAWNTON QLD 4501 AU",
			"phnNbr": "",
			"crdntlTypCd": "",
			"crdntlVlu": "",
			"issngCntryCd": "",
			"mstrInd": "Y",
			"mdmPrflNm": "InitLd_RefData_DIRECT_MST",
			"mdmMtchScrPrc": "",
			"entyVldStrtTmstmp": "2015-04-01 15:51:25.78",
			"emailVlu": "",
			"PNR": "0",
			"ICS": "0",
			"IAT": "0",
			"BAGS": "0",
			"INTCP": "0",
			"DGMS": "0",
			"ABR": "0",
			"ASIC": "0",
			"EROLL": "1",
			"IATA": "0",
			"ALL_SYST": "1"
		}, {
			"mstrEntyId": "960854390",
			"stdFullNm": "ADAM DAVID SMITH",
			"dtOfBrth": "1980-04-04",
			"sexCd": "MALE",
			"stdAdrsVlu": "",
			"phnNbr": "",
			"crdntlTypCd": "VISA",
			"crdntlVlu": "0074825731000779992501749200",
			"issngCntryCd": "",
			"mstrInd": "Y",
			"mdmPrflNm": "LEFTOVER - NEW ROW",
			"mdmMtchScrPrc": "",
			"entyVldStrtTmstmp": "2007-03-26 14:08:06.58",
			"emailVlu": "",
			"PNR": "0",
			"ICS": "0",
			"IAT": "1",
			"BAGS": "0",
			"INTCP": "0",
			"DGMS": "0",
			"ABR": "0",
			"ASIC": "0",
			"EROLL": "0",
			"IATA": "0",
			"ALL_SYST": "1"
		}, {
			"mstrEntyId": "2137863",
			"stdFullNm": "ADAM DAVID SMITH",
			"dtOfBrth": "1971-09-07",
			"sexCd": "MALE",
			"stdAdrsVlu": "7 NIGHTINGALE STREET BALACLAVA VIC 3183 AU",
			"phnNbr": "",
			"crdntlTypCd": "TD",
			"crdntlVlu": "PA3423740",
			"issngCntryCd": "",
			"mstrInd": "Y",
			"mdmPrflNm": "InitLd_RefData_DIRECT_MST",
			"mdmMtchScrPrc": "",
			"entyVldStrtTmstmp": "2015-04-01 15:51:25.78",
			"emailVlu": "",
			"PNR": "1",
			"ICS": "0",
			"IAT": "1",
			"BAGS": "0",
			"INTCP": "0",
			"DGMS": "0",
			"ABR": "0",
			"ASIC": "0",
			"EROLL": "1",
			"IATA": "0",
			"ALL_SYST": "3"
		}, {
			"mstrEntyId": "11128020",
			"stdFullNm": "ADAM DENNIS SMITH",
			"dtOfBrth": "1965-12-09",
			"sexCd": "MALE",
			"stdAdrsVlu": "UNIT 1/ 103-105 CUMBERLAND ROAD INGLEBURN NSW 2565 AU",
			"phnNbr": "",
			"crdntlTypCd": "TD",
			"crdntlVlu": "N5379733",
			"issngCntryCd": "",
			"mstrInd": "Y",
			"mdmPrflNm": "InitLd_RefData_DIRECT_MST",
			"mdmMtchScrPrc": "",
			"entyVldStrtTmstmp": "2015-04-01 15:51:25.78",
			"emailVlu": "",
			"PNR": "0",
			"ICS": "0",
			"IAT": "1",
			"BAGS": "0",
			"INTCP": "0",
			"DGMS": "0",
			"ABR": "0",
			"ASIC": "1",
			"EROLL": "1",
			"IATA": "0",
			"ALL_SYST": "3"
		}, {
			"mstrEntyId": "788001699",
			"stdFullNm": "ADAM DENNIS SMITH",
			"dtOfBrth": "1970-08-16",
			"sexCd": "MALE",
			"stdAdrsVlu": "",
			"phnNbr": "",
			"crdntlTypCd": "VISA",
			"crdntlVlu": "0870110404216670121959001000",
			"issngCntryCd": "",
			"mstrInd": "Y",
			"mdmPrflNm": "LEFTOVER - NEW ROW",
			"mdmMtchScrPrc": "",
			"entyVldStrtTmstmp": "2005-11-22 11:45:24.0",
			"emailVlu": "",
			"PNR": "0",
			"ICS": "0",
			"IAT": "1",
			"BAGS": "0",
			"INTCP": "0",
			"DGMS": "0",
			"ABR": "0",
			"ASIC": "0",
			"EROLL": "0",
			"IATA": "0",
			"ALL_SYST": "1"
		}, {
			"mstrEntyId": "13125493",
			"stdFullNm": "ADAM DERRICK JOHN SMITH",
			"dtOfBrth": "1989-09-11",
			"sexCd": "MALE",
			"stdAdrsVlu": "LAZY RIVER MOTOR INN 188 MURRAY VALLEY HIGHWAY SWAN HILL VIC 3585 AU",
			"phnNbr": "",
			"crdntlTypCd": "",
			"crdntlVlu": "",
			"issngCntryCd": "",
			"mstrInd": "Y",
			"mdmPrflNm": "InitLd_RefData_DIRECT_MST",
			"mdmMtchScrPrc": "",
			"entyVldStrtTmstmp": "2015-04-01 15:51:25.78",
			"emailVlu": "",
			"PNR": "0",
			"ICS": "0",
			"IAT": "0",
			"BAGS": "0",
			"INTCP": "0",
			"DGMS": "0",
			"ABR": "0",
			"ASIC": "0",
			"EROLL": "1",
			"IATA": "0",
			"ALL_SYST": "1"
		}, {
			"mstrEntyId": "279454986",
			"stdFullNm": "ADAM DES SMITH",
			"dtOfBrth": "1980-07-23",
			"sexCd": "MALE",
			"stdAdrsVlu": "",
			"phnNbr": "",
			"crdntlTypCd": "TD",
			"crdntlVlu": "LH862635",
			"issngCntryCd": "",
			"mstrInd": "Y",
			"mdmPrflNm": "LEFTOVER - NEW ROW",
			"mdmMtchScrPrc": "",
			"entyVldStrtTmstmp": "2014-10-23 07:46:50.35",
			"emailVlu": "",
			"PNR": "1",
			"ICS": "0",
			"IAT": "3",
			"BAGS": "1",
			"INTCP": "0",
			"DGMS": "0",
			"ABR": "0",
			"ASIC": "0",
			"EROLL": "0",
			"IATA": "0",
			"ALL_SYST": "5"
		}, {
			"mstrEntyId": "9702122",
			"stdFullNm": "ADAM LOVELL SMITH",
			"dtOfBrth": "1979-11-21",
			"sexCd": "MALE",
			"stdAdrsVlu": "18 BARTLETT STREET MORNINGSIDE QLD 4170 AU",
			"phnNbr": "",
			"crdntlTypCd": "",
			"crdntlVlu": "",
			"issngCntryCd": "",
			"mstrInd": "Y",
			"mdmPrflNm": "InitLd_RefData_DIRECT_MST",
			"mdmMtchScrPrc": "",
			"entyVldStrtTmstmp": "2015-04-01 15:51:25.78",
			"emailVlu": "",
			"PNR": "0",
			"ICS": "0",
			"IAT": "0",
			"BAGS": "0",
			"INTCP": "0",
			"DGMS": "0",
			"ABR": "0",
			"ASIC": "0",
			"EROLL": "1",
			"IATA": "0",
			"ALL_SYST": "1"
		}
	],
	"totalrecords": 2000
}

  }
}