{
  "request" : {
    "urlPattern" : "/DataServices/resources/seaCargo/([0-9]*)\\?(.*)",
    "method" : "GET"
  },
  "response" : {
    "status" : 200,
    "headers": {
            "Content-Type": "application/json",
            "Cache-Control": "no-cache"
        },
    "jsonBody" : {
	"getSeaCargoSummaryResponse": [{
			"documentType": "SCR       ",
			"originalMsgId": "2017-02-07 17:52:54.070063",
			"clientRoleType": "Consignor ",
			"clientInstanceId": "642531359192207",
			"oceanBillNbr": "OOLU4027316390",
			"houseBillNbr": "S00237528",
			"vesselId": "9234355 ",
			"voyageNbr": "025S  ",
			"containerNbr": "OOLU9205138      ",
			"searchArrivalDate": "2017-02-12",
			"goodsDescr": "MEN'S JACKET FREIGHT COLLECT",
			"lowestBillInd": "Y",
			"parentBillLadingNbr": "",
			"cargoType": "FCX",
			"sacInd": "N",
			"stsCargoStatusCode": "CLEAR     ",
			"examFindResultCode": ""
		}
	],
	"totalrecords": 1
}
  }
}