{
  "priority": 99,
  "request" : {
    "urlPattern" : "/DataServices/resources/masterEntitySource/([0-9]*)/EntityName\\?(.*)",
    "method" : "GET"
  },
  "response" : {
    "status" : 200,
    "headers": {
            "Content-Type": "application/json",
            "Cache-Control": "no-cache"
        },
    "jsonBody" : {
	"getMasterEntitySourceEntityNameResponse": [{
			"masterEntityId": "{{request.path.[3]}}",
			"sourceEntityId": "{{request.path.[3]}}",
			"sourceSystemCd": "EROLL",
			"sourceEntityNameId": "34367802",
			"usageTypeCd": "MAIN",
			"standardFullName": "ADAM CHRISTOPHER SMITH",
			"organisationName": "",
			"namePrefix": "",
			"firstName": "ADAM",
			"middleName": "CHRISTOPHER",
			"familyName": "SMITH",
			"nameSuffix": "",
			"nameGeneration": "",
			"nameGenderCd": "M",
			"nameEntityTypeCd": "IND",
			"identifiedContactValue": " <NAMETYPE> I <TITLEFIRSTNAME> ADAM CHRISTOPHER <TITLEPRIMARYNAME> SMITH <ENDOFLINE> ",
			"effectiveStartDt": "2015-04-01"
		}, {
			"masterEntityId": "{{request.path.[3]}}",
			"sourceEntityId": "87302175345",
			"sourceSystemCd": "EROLL",
			"sourceEntityNameId": "34367802",
			"usageTypeCd": "MAIN",
			"standardFullName": "ADAM SMITH",
			"organisationName": "",
			"namePrefix": "",
			"firstName": "ADAM",
			"middleName": "",
			"familyName": "SMITH",
			"nameSuffix": "",
			"nameGeneration": "",
			"nameGenderCd": "M",
			"nameEntityTypeCd": "IND",
			"identifiedContactValue": " <NAMETYPE> I <TITLEFIRSTNAME> ADAM CHRISTOPHER <TITLEPRIMARYNAME> SMITH <ENDOFLINE> ",
			"effectiveStartDt": "2017-07-01"
		}, {
			"masterEntityId": "{{request.path.[3]}}",
			"sourceEntityId": "604455673",
			"sourceSystemCd": "ABR",
			"sourceEntityNameId": "713541716",
			"usageTypeCd": "TRD",
			"standardFullName": "ADAM SMITH",
			"organisationName": "ADAM SMITH",
			"namePrefix": "",
			"firstName": "",
			"middleName": "",
			"familyName": "",
			"nameSuffix": "",
			"nameGeneration": "",
			"nameGenderCd": "",
			"nameEntityTypeCd": "ORG",
			"identifiedContactValue": "<PRIMARYNAME> ADAM SMITH <ENDOFLINE>",
			"effectiveStartDt": "2006-01-01"
		}, {
			"masterEntityId": "{{request.path.[3]}}",
			"sourceEntityId": "604455673",
			"sourceSystemCd": "ABR",
			"sourceEntityNameId": "713541715",
			"usageTypeCd": "LGL",
			"standardFullName": "MR ADAM CHRISOPHER SMITH",
			"organisationName": "",
			"namePrefix": "MR",
			"firstName": "ADAM",
			"middleName": "CHRISOPHER",
			"familyName": "SMITH",
			"nameSuffix": "",
			"nameGeneration": "",
			"nameGenderCd": "M",
			"nameEntityTypeCd": "IND",
			"identifiedContactValue": "<NAMEPREFIX> MR <FIRSTNAME> ADAM <MIDDLENAME> CHRISOPHER <PRIMARYNAME> SMITH <NAMESUFFIX> <ENDOFLINE>",
			"effectiveStartDt": "2006-01-01"
		}, {
			"masterEntityId": "{{request.path.[3]}}",
			"sourceEntityId": "732560948",
			"sourceSystemCd": "ASIC",
			"sourceEntityNameId": "1006361313",
			"usageTypeCd": "MAIN",
			"standardFullName": "ADAM CHRISTOPHER SMITH",
			"organisationName": "",
			"namePrefix": "",
			"firstName": "ADAM",
			"middleName": "CHRISTOPHER",
			"familyName": "SMITH",
			"nameSuffix": "",
			"nameGeneration": "",
			"nameGenderCd": "M",
			"nameEntityTypeCd": "IND",
			"identifiedContactValue": "<FIRSTNAME> ADAM <MIDDLENAME> CHRISTOPHER <PRIMARYNAME> SMITH <ENDOFLINE>",
			"effectiveStartDt": "2007-07-27"
		}, {
			"masterEntityId": "{{request.path.[3]}}",
			"sourceEntityId": "746788568",
			"sourceSystemCd": "IAT",
			"sourceEntityNameId": "896845850",
			"usageTypeCd": "BRTH/MAIN",
			"standardFullName": "ADAM CHRISTOPHER SMITH",
			"organisationName": "",
			"namePrefix": "",
			"firstName": "ADAM",
			"middleName": "CHRISTOPHER",
			"familyName": "SMITH",
			"nameSuffix": "",
			"nameGeneration": "",
			"nameGenderCd": "M",
			"nameEntityTypeCd": "IND",
			"identifiedContactValue": "ADAM CHRISTOPHER SMITH",
			"effectiveStartDt": "2005-11-22"
		}, {
			"masterEntityId": "{{request.path.[3]}}",
			"sourceEntityId": "746788568",
			"sourceSystemCd": "IAT",
			"sourceEntityNameId": "896845850",
			"usageTypeCd": "BRTH/MAIN",
			"standardFullName": "ADAM CHRISTOPHER SMITH",
			"organisationName": "",
			"namePrefix": "",
			"firstName": "ADAM",
			"middleName": "CHRISTOPHER",
			"familyName": "SMITH",
			"nameSuffix": "",
			"nameGeneration": "",
			"nameGenderCd": "M",
			"nameEntityTypeCd": "IND",
			"identifiedContactValue": " <NAMETYPE> I <TITLEFIRSTNAME> ADAM CHRISTOPHER <TITLEPRIMARYNAME> SMITH <ENDOFLINE> ",
			"effectiveStartDt": "2005-11-22"
		}, {
			"masterEntityId": "{{request.path.[3]}}",
			"sourceEntityId": "1493584953",
			"sourceSystemCd": "ICS",
			"sourceEntityNameId": "149358495312",
			"usageTypeCd": "BRTH/MAIN",
			"standardFullName": "ADAM CHRISTOPHER SMITH",
			"organisationName": "",
			"namePrefix": "",
			"firstName": "ADAM",
			"middleName": "CHRISTOPHER",
			"familyName": "SMITH",
			"nameSuffix": "",
			"nameGeneration": "",
			"nameGenderCd": "M",
			"nameEntityTypeCd": "IND",
			"identifiedContactValue": " <NAMETYPE> I <TITLEFIRSTNAME> ADAM CHRISTOPHER <TITLEPRIMARYNAME> SMITH <ENDOFLINE> ",
			"effectiveStartDt": "2005-11-22"
		}, {
			"masterEntityId": "{{request.path.[3]}}",
			"sourceEntityId": "280514359",
			"sourceSystemCd": "BAGS",
			"sourceEntityNameId": "28051435912",
			"usageTypeCd": "BRTH/MAIN",
			"standardFullName": "ADAM CHRISTOPHER SMITH",
			"organisationName": "",
			"namePrefix": "",
			"firstName": "ADAM",
			"middleName": "CHRISTOPHER",
			"familyName": "SMITH",
			"nameSuffix": "",
			"nameGeneration": "",
			"nameGenderCd": "M",
			"nameEntityTypeCd": "IND",
			"identifiedContactValue": " <NAMETYPE> I <TITLEFIRSTNAME> ADAM CHRISTOPHER <TITLEPRIMARYNAME> SMITH <ENDOFLINE> ",
			"effectiveStartDt": "2005-11-22"
		}, {
			"masterEntityId": "{{request.path.[3]}}",
			"sourceEntityId": "1362633444",
			"sourceSystemCd": "DGMS",
			"sourceEntityNameId": "136263344412",
			"usageTypeCd": "BRTH/MAIN",
			"standardFullName": "ADAM CHRISTOPHER SMITH",
			"organisationName": "",
			"namePrefix": "",
			"firstName": "ADAM",
			"middleName": "CHRISTOPHER",
			"familyName": "SMITH",
			"nameSuffix": "",
			"nameGeneration": "",
			"nameGenderCd": "M",
			"nameEntityTypeCd": "IND",
			"identifiedContactValue": " <NAMETYPE> I <TITLEFIRSTNAME> ADAM CHRISTOPHER <TITLEPRIMARYNAME> SMITH <ENDOFLINE> ",
			"effectiveStartDt": "2005-11-22"
		}, {
			"masterEntityId": "{{request.path.[3]}}",
			"sourceEntityId": "1362633446",
			"sourceSystemCd": "IATA",
			"sourceEntityNameId": "12896845850",
			"usageTypeCd": "BRTH/MAIN",
			"standardFullName": "ADAM CHRISTOPHER SMITH",
			"organisationName": "",
			"namePrefix": "",
			"firstName": "ADAM",
			"middleName": "CHRISTOPHER",
			"familyName": "SMITH",
			"nameSuffix": "",
			"nameGeneration": "",
			"nameGenderCd": "M",
			"nameEntityTypeCd": "IND",
			"identifiedContactValue": " <NAMETYPE> I <TITLEFIRSTNAME> ADAM CHRISTOPHER <TITLEPRIMARYNAME> SMITH <ENDOFLINE> ",
			"effectiveStartDt": "2005-11-22"
		}, {
			"masterEntityId": "{{request.path.[3]}}",
			"sourceEntityId": "1362633447",
			"sourceSystemCd": "INTCP",
			"sourceEntityNameId": "12896845850",
			"usageTypeCd": "BRTH/MAIN",
			"standardFullName": "ADAM CHRISTOPHER SMITH",
			"organisationName": "",
			"namePrefix": "",
			"firstName": "ADAM",
			"middleName": "CHRISTOPHER",
			"familyName": "SMITH",
			"nameSuffix": "",
			"nameGeneration": "",
			"nameGenderCd": "M",
			"nameEntityTypeCd": "IND",
			"identifiedContactValue": " <NAMETYPE> I <TITLEFIRSTNAME> ADAM CHRISTOPHER <TITLEPRIMARYNAME> SMITH <ENDOFLINE> ",
			"effectiveStartDt": "2005-11-22"
		}
	],
	"totalrecords": 10
}

  }
}