{
  "priority": 99,
  "request" : {
    "urlPattern" : "/DataServices/InterceptService/resources/IndividualInterceptSummary/(.*)",
    "method" : "GET"
  },
  "response" : {
    "status" : 200,
    "headers": {
            "Content-Type": "application/json",
            "Cache-Control": "no-cache"
        },
    "jsonBody" : {
	"getIndividualInterceptSummaryInformationResponse": [{
            "targetSubjectId": "P0423707",
            "sequenceNumber": "1",
            "relationshipClass": "INCRFL",
            "relationshipType": "SU",
            "portNameWhereOccurred": "Sydney",
            "departureDate": "1996-01-23",
            "atPortDate": "1996-01-27",
            "movementInType": "AA",
            "movementOutType": "DD",
            "expectedOrConfirmedInd": "C",
            "outwardPortName": "Sydney",
            "nextPortName": "Port Vila",
            "lloydsNumber": "5209732",
            "craftName": "Fairstar",
            "vesselType": "PAX",
            "travelDocumentNumber": "L5023991",
            "travelDocumentType": "PP",
            "numberofInfoReportsAssociatedWithTheSubject": "2"
		}, {
            "targetSubjectId": "P0408107",
            "sequenceNumber": "2",
            "relationshipClass": "INCRFL",
            "relationshipType": "SU",
            "portNameWhereOccurred": "Sydney",
            "departureDate": "1996-02-01",
            "atPortDate": "1996-02-05",
            "movementInType": "AA",
            "movementOutType": "DD",
            "expectedOrConfirmedInd": "C",
            "outwardPortName": "Sydney",
            "nextPortName": "Dunedin",
            "lloydsNumber": "5263132",
            "craftName": "Fairstar",
            "vesselType": "PAX",
            "travelDocumentNumber": "L5043991",
            "travelDocumentType": "PP ",
            "numberofInfoReportsAssociatedWithTheSubject": "2"
		}
	],
	"totalrecords": 2
}
  }
}