{
  "request" : {
    "urlPattern" : "/DataServices/TravellerService/resources/TravellerMovements",
    "method" : "POST"
  },
  "response" : {
    "status" : 200,
    "headers": {
            "Content-Type": "application/json",
            "Cache-Control": "no-cache"
        },
    "jsonBody" : {
	"getTravellerMovementInformationResponse": [{
            "iatTravellerIdentifier": "0046705544",
            "aliasSequenceNbr": "1",
            "birthDate": "1942-07-28",
            "sexCode": "M",
            "familyName": "SMITH",
            "givenNames": "JOHN ALAN",
            "routeId": "MH122 ",
            "fullRoutingText": "SYDKUL",
            "localPortCode": "SYD ",
            "localScheduledDate": "2002-03-12",
            "directionCode": "O",
            "checkInPortCode": "",
            "movementDate": "2002-03-12",
            "movementStatusCode": "",
            "movementTime": "15:02:31",
            "movementHistoryInd": "",
            "visaIdentifyingNBR": "7799909657277",
            "passengerCrewCode": "P",
            "postMovementInd": "N",
            "bagsExamReferralReasonCode": " ",
            "travelDocSequenceNbr": "- ",
            "travellerMovementTypeCode": "U",
            "expectedOrActualTripCode": "E",
            "noOfAliasForTheTraveller": "1",
            "birthDeptCountryCode": "GBR ",
            "birthNameInd": "",
            "citizenshipNameInd": "",
            "currentNameInd": "",
            "deptPersonIDInd": "Y",
            "additionalAliasInd": "N",
            "dimiaAliasInd": "Y",
            "maritalStatusCode": "",
            "visaID": "0046705544000779990965727700",
            "entriesAllowedCode": "M",
            "entriesMadeCount": "001",
            "entryExpiryDate": "2002-09-03",
            "evidenceNbr": "0000000000",
            "evidenceStatusCode": " ",
            "immigrationDirectiveCode": "",
            "lawfulUntilDate": "2002-09-03",
            "migrantEntryExpiryDate": "",
            "multiIssuedVisaInd": " ",
            "occupationCode": "0000",
            "physicalEvidenceStatusCode": " ",
            "residenceDeptCountryCode": "- ",
            "travelDocDeptCountryCode": "GBR ",
            "travelDocId": "033172555",
            "visaClassCode": "UD ",
            "visaCheckCharacter": " ",
            "visaGrantDate": "2001-09-03",
            "visaGrantNbr": "7799909657277",
            "visaIssueCountryCode": "",
            "visaPersonSequenceNbr": "0",
            "visaStatusCode": "S",
            "visaSubClassCode": "976",
            "documentImpoundInd": "",
            "issueCountryCode": "",
            "issueOfficeCode": "",
            "passportExpiryDate": "",
            "passportIssueDate": "",
            "passportStatusCode": "",
            "passportTypeCode": "",
            "checkInDate": "",
            "checkInRouteId": "",
            "checkInTime": "",
            "childInd": "",
            "professionCode": "",
            "transborderDate": "",
            "transborderTime": "",
            "visaIssueDate": "",
            "bidStatusCode": "",
            "biometricsResultsCode": "",
            "cancelOriginCode": "",
            "chargesExemptCode": "",
            "fidStatusCode": "",
            "immigrationAliasSequenceNbr": "",
            "immigrationPersonID": "",
            "movementRaceID": "",
            "referralStatusCode": "",
            "relatedVisaID": "",
            "alertInd": "",
            "confidentialAlertInd": "",
            "movementMessageTypeCode": "",
            "referralTypeCode": "",
            "travelDocIssueCountryCode": "",
            "travelDocTypeCode": "",
            "travelTypeCode": "",
            "examinationForTravellerForMovementInd": "N",
            "positiveFindForTravellerForMovementInd": "N",
            "examinationForTravellerInd": "N",
            "numberOfExamsForTheTraveller": "0",
            "positiveFindForTravellerInd": "N",
            "positiveFindCountForTraveller": "0"
		}
	],
	"totalrecords": 1
}
  }
}