{
  "priority": 99,
  "request" : {
    "urlPattern" : "/DataServices/VRAService/v1/resources/ApplicationRiskSummary/([0-9]*)",
    "method" : "GET"
  },
  "response" : {
    "status" : 200,
    "headers": {
        "Content-Type": "application/json",
        "Cache-Control": "no-cache"
    },
    "jsonBody" : {
        "getApplicationRiskSummaryResponse": [{
            "permissionRequestId": "{{request.path.[5]}}",
            "applicationRiskLevelCode": "HIGH",
            "applicationRiskPerformedTimestamp": "2017-02-03T19:15:00.897+11:00",
            "visaSubClassCode": "988",
            "visaStreamCode": "08",
            "visaClassCode": "ZM",
            "applicationTypeCode": "VISA",
            "applicationStageCode": "PRE",
            "applicationOutcomeCode": "GRANTED"
        }, {
            "permissionRequestId": "{{request.path.[5]}}",
            "applicationRiskLevelCode": "LOW",
            "applicationRiskPerformedTimestamp": "2017-10-13T04:22:00.354+11:00",
            "visaSubClassCode": "600",
            "visaStreamCode": "05",
            "visaClassCode": "BW",
            "applicationTypeCode": "VISA",
            "applicationStageCode": "PRE",
            "applicationOutcomeCode": "GRANTED"
        }],
        "totalrecords": 1,
        "Return Code": "0",
        "Return Msg": "SUCCESS"
    }
  }
}
