{
  "request" : {
    "urlPattern" : "/DataServices/CargoService/resources/seaCargoDetails/(.*)",
    "method" : "GET"
  },
  "response" : {
    "status" : 200,
    "headers": {
            "Content-Type": "application/json",
            "Cache-Control": "no-cache"
        },
    "jsonBody" : {
	"getSeaCargoDetailInformationResponse": [{
            "vesselId": "9234355",
            "vesselName": "OTAK ODAK",
            "voyageNbr": "025S",
            "dischargePortCode": "AUSYD",
            "destinationPortCode": "AUSYD",
            "firstAusPortCode": "AUSYD",
            "originalLoadingPortCode": "CXNMZ",
            "billOfLadingOriginPortCode": "CXNMZ",
            "oceanBillNbr": "OOLU4027316390",
            "houseBillNbr": "S00237528",
            "parentBillLadingNbr": "",
            "countryOfOriginOfGoods": "CHINA",
            "reportedBy": "82487428989 XYZ LOGISTICS SERVICES (AUST)",
            "responsibleParty": "82487428989 XYZ LOGISTICS SERVICES (AUST)",
            "principalAgent": "8742673487 HAPPY SHIPPING SERVICES PTY LTD",
            "consignee": "JOHN SMITH 6 CHAN STREET BELCONNEN ACT",
            "consignor": "SMITH JOHN 26 CHANG STREET SINGAPORE",
            "notifyParty": "",
            "freightForwarderInd": "N",
            "freightMethodOfPayment": "PP - PREPAID BY SELLER",
            "transitInd": "N",
            "overseasRoutingPortCode": "SIN",
            "cargoType": "FCX",
            "containerNbr": "OOLU9205138",
            "goodsDescr": "MEN'S JACKET FREIGHT COLLECT",
            "consolidatedCargoStatusCode": "CLEAR"
		}
	],
	"totalrecords": 1
}
  }
}