{
  "priority": 1,
  "request" : {
    "urlPattern" : "/DataServices/resources/iatAliasDetails",
    "bodyPatterns" : [{
      "equalToJson" : "{ \"iatTravellerId\": \"0003599491\" }",
      "ignoreArrayOrder" : true,
      "ignoreExtraElements" : true
    }],
    "method" : "POST"
  },
  "response" : {
    "status" : 200,
    "headers": {
            "Content-Type": "application/json",
            "Cache-Control": "no-cache"
        },
    "jsonBody" : {
	"getIATAliasDetailsResponse": [{
            "iatTravellerId": "0003599491",
            "aliasSequenceNumber": "1",
            "birthDate": "1973-06-23",
            "birthDeptCountryCode": "BE",
            "birthNameInd": "Y",
            "citizenshipNameInd": "Y",
            "currentNameInd": "Y",
            "deptPersonIDInd": "Y",
            "familyName": "SMITH",
            "givenNames": "CHRISTOPHER",
            "additionalAliasInd": "Y",
            "dimiaAliasInd": "Y",
            "lastUpdateDate": "2017-01-09",
            "maritalStatusCode": "M",
            "sexCode": "M",
            "sourceFileCode": "M9798",
            "sourceSystemCode": "IAT"
		}
	],
	"totalrecords": 1
}
  }
}