{
  "priority": 1,
  "request" : {
    "urlPattern" : "/DataServices/resources/iatPassportDetails",
    "bodyPatterns" : [{
      "equalToJson" : "{ \"travelDocumentId\": \"M7089021\" }",
      "ignoreArrayOrder" : true,
      "ignoreExtraElements" : true
    }],
    "method" : "POST"
  },
  "response" : {
    "status" : 200,
    "headers": {
            "Content-Type": "application/json",
            "Cache-Control": "no-cache"
        },
    "jsonBody" : {
	"getIATPassportDetailsResponse": [{
			"travelDocumentId": "M7089021",
			"travelDocCountryCode": "AUS",
			"travelDocTypeCode": "PASSPORT",
            "sourceSystemCode": "IAT",
            "activeTs": "2015-04-01 15:51:25.780000",
            "deptRunNbr": "432545",
            "documentImpoundInd": "N",
            "immiDirectiveCode": "GOOD",
            "issueCountryCode": "AU",
            "issueOfficeCode": "ACT",
            "lastUpdateDate": "2015-09-23",
            "passportExpiryDate": "2020-09-23",
            "passportIssueDate": "2012-09-23",
            "passportStatusCode": "ACTIVE",
            "passportTypeCode": "DIPLOMATIC",
            "birthDate": "1970-12-15",
            "birthCountryCode": "AU",
            "sexCode": "MALE",
            "maritalStatusCode": "M",
            "familyName": "SMITH",
            "givenNames": "ADAM"
		}
	],
	"totalrecords": 1
}
  }
}