{
  "priority": 1,
  "request" : {
    "urlPattern" : "/DataServices/resources/masterEntitySource/76917/EntityName\\?(.*)",
    "method" : "GET"
  },
  "response" : {
    "status" : 200,
    "headers": {
            "Content-Type": "application/json",
            "Cache-Control": "no-cache"
        },
    "jsonBody" : {
	"getMasterEntitySourceEntityNameResponse": [{
			"masterEntityId": "76917",
			"sourceEntityId": "746788568",
			"sourceSystemCd": "IAT",
			"sourceEntityNameId": "896845850",
			"usageTypeCd": "BRTH/MAIN",
			"standardFullName": "ADAM CHRISTOPHER SMITH",
			"organisationName": "",
			"namePrefix": "",
			"firstName": "ADAM",
			"middleName": "CHRISTOPHER",
			"familyName": "SMITH",
			"nameSuffix": "",
			"nameGeneration": "",
			"nameGenderCd": "M",
			"nameEntityTypeCd": "IND",
			"identifiedContactValue": "ADAM CHRISTOPHER SMITH",
			"effectiveStartDt": "2005-11-22"
		}, {
			"masterEntityId": "76917",
			"sourceEntityId": "746788568",
			"sourceSystemCd": "IAT",
			"sourceEntityNameId": "896845850",
			"usageTypeCd": "BRTH/MAIN",
			"standardFullName": "ADAM CHRISTOPHER SMITH",
			"organisationName": "",
			"namePrefix": "",
			"firstName": "ADAM",
			"middleName": "CHRISTOPHER",
			"familyName": "SMITH",
			"nameSuffix": "",
			"nameGeneration": "",
			"nameGenderCd": "M",
			"nameEntityTypeCd": "IND",
			"identifiedContactValue": " <NAMETYPE> I <TITLEFIRSTNAME> ADAM CHRISTOPHER <TITLEPRIMARYNAME> SMITH <ENDOFLINE> ",
			"effectiveStartDt": "2005-11-22"
		} 
	],
	"totalrecords": 2
}

  }
}