{
  "priority": 1,
  "request" : {
    "urlPattern" : "/DataServices/resources/masterEntitySource/248423992/Entity\\?(.*)",
    "method" : "GET"
  },
  "response" : {
    "status" : 200,
    "headers": {
            "Content-Type": "application/json",
            "Cache-Control": "no-cache"
        },
    "jsonBody" : {
	"getMasterEntitySourceEntityResponse": [{
			"masterEntityId": "248423992",
			"sourceEntityId": "7248423992",
			"sourceSystemCd": "INTCP",
			"entityTypeCd": "ORG",
			"sex": "",
			"birthDt": "",
			"birthCountryCd": "AUS",
			"effectiveStartDt": "2005-11-22"
		}	],
	"totalrecords": 1
}
  }
}