{
  "priority": 1,
  "request" : {
    "urlPattern" : "/DataServices/resources/masterEntitySource/76917/EntityCredential\\?(.*)",
    "method" : "GET"
  },
  "response" : {
    "status" : 200,
    "headers": {
            "Content-Type": "application/json",
            "Cache-Control": "no-cache"
        },
    "jsonBody" : {
	"getMasterEntitySourceEntityCredentialResponse": [{
			"masterEntityId": "76917",
			"sourceEntityId": "746788568",
			"sourceSystemCd": "IAT",
			"sourceEntityCredentialId": "869896102",
			"credentialTypeCd": "TD",
			"credentialValue": "H147374",
			"internalIndicator": "N",
			"credentialCountryCd": "AUS",
			"issuingCountryCd": "",
			"issuingAuthorityCd": "",
			"effectiveStartDt": "2005-11-20"
		}, {
			"masterEntityId": "76917",
			"sourceEntityId": "746788568",
			"sourceSystemCd": "IAT",
			"sourceEntityCredentialId": "983865313",
			"credentialTypeCd": "TD",
			"credentialValue": "L0907145",
			"internalIndicator": "N",
			"credentialCountryCd": "AUS",
			"issuingCountryCd": "",
			"issuingAuthorityCd": "",
			"effectiveStartDt": "2007-05-25"
		}, {
			"masterEntityId": "76917",
			"sourceEntityId": "746788568",
			"sourceSystemCd": "IAT",
			"sourceEntityCredentialId": "1022194506",
			"credentialTypeCd": "TD",
			"credentialValue": "M7029872",
			"internalIndicator": "N",
			"credentialCountryCd": "AUS",
			"issuingCountryCd": "",
			"issuingAuthorityCd": "",
			"effectiveStartDt": "2008-01-28"
		}
	],
	"totalrecords": 4
}


  }
}