{
  "priority": 1,
  "request" : {
    "urlPattern" : "/DataServices/resources/masterEntitySource/248423992/EntityCredential\\?(.*)",
    "method" : "GET"
  },
  "response" : {
    "status" : 200,
    "headers": {
            "Content-Type": "application/json",
            "Cache-Control": "no-cache"
        },
    "jsonBody" : {
	"getMasterEntitySourceEntityCredentialResponse": [{
			"masterEntityId": "248423992",
			"sourceEntityId": "7248423992",
			"sourceSystemCd": "INTCP",
			"sourceEntityCredentialId": "869896102",
			"credentialTypeCd": "ABN",
			"credentialValue": "11050292579",
			"internalIndicator": "N",
			"credentialCountryCd": "AUS",
			"issuingCountryCd": "",
			"issuingAuthorityCd": "",
			"effectiveStartDt": "2005-11-20"
		}
	],
	"totalrecords": 4
}


  }
}