{
  "priority": 1,
  "request" : {
    "urlPattern" : "/DataServices/resources/masterEntitySource/248423992/EntityAddress\\?(.*)",
    "method" : "GET"
  },
  "response" : {
    "status" : 200,
    "headers": {
            "Content-Type": "application/json",
            "Cache-Control": "no-cache"
        },
    "jsonBody" : {
	"getMasterEntitySourceEntityAddressResponse": [
        {
			"masterEntityId": "248423992",
			"sourceEntityId": "7248423992",
			"sourceSystemCd": "INTCP",
			"sourceEntityAddressId": "908366144",
			"addressMatchKeyCd": "A01F",
			"addressSiteLatitude": "-37.804189000000000",
			"addressSiteLongitude": "144.884028000000000",
			"streetLocalityPointLatitude": "-37.808146740000000",
			"streetLocalityPointLongitude": "144.883496210000000",
			"localityPointLatitude": "-37.808854680000000",
			"localityPointLongitude": "144.879432030000000",
			"usageTypeCd": "POS",
			"standardAddressValue": "8 QUEENSVILLE STREET KINGSVILLE VIC 3012 AU",
			"lotId": "",
			"unitTypeAbbreviation": "",
			"unitId": "",
			"levelTypeAbbreviation": "",
			"levelId": "",
			"roadFirstPartId": "8",
			"roadSecondPartId": "",
			"roadName": "QUEENSVILLE",
			"roadTypeAbbreviation": "STREET",
			"roadSuffixAbbreviation": "",
			"addressSiteName": "",
			"localityName": "KINGSVILLE",
			"stateCd": "VIC",
			"postalCd": "3012",
			"countryCd": "AU",
			"administrationArea": "",
			"supraAdministrationArea": "",
			"subAdministrationArea": "",
			"postalDeliveryTypeAbbreviation": "",
			"postalDeliveryId": "",
			"deliveryPointId": "",
			"unparsedAddress": "",
			"identifiedContactValue": "<ADDRSLINE> 8 QUEENSVILLE ST <ADDRSAREA> KINGSVILLE VIC 3012",
			"usageTypeCdGeo": "POS",
			"standardAddressValueGeo": "8 QUEENSVILLE STREET KINGSVILLE VIC 3012 AU",
			"lotIdGeo": "",
			"unitTypeAbbreviationGeo": "",
			"unitIdGeo": "",
			"levelTypeAbbreviationGeo": "",
			"levelIdGeo": "",
			"roadFirstPartIdGeo": "8",
			"roadSecondPartIdGeo": "",
			"roadNameGeo": "QUEENSVILLE",
			"roadTypeAbbreviationGeo": "STREET",
			"roadSuffixAbbreviationGeo": "",
			"addressSiteNameGeo": "",
			"localityNameGeo": "KINGSVILLE",
			"stateCdGeo": "VIC",
			"postalCdGeo": "3012",
			"countryCdGeo": "AU",
			"postalDeliveryTypeAbbreviationGeo": "",
			"postalDeliveryIdGeo": "",
			"deliveryPointIdGeo": "",
			"addressSitePID": "421487963",
			"addressDetailPID": "GAVIC421337896",
			"streetLocalityPID": "VIC2026012",
			"localityPID": "VIC1360",
			"statePID": "2",
			"effectiveStartDt": "2007-07-27"
		}
	],
	"totalrecords": 0
}

  }
}