{
  "priority": 1,
  "request" : {
    "urlPattern" : "/DataServices/resources/masterEntitySource/248423992/EntityName\\?(.*)",
    "method" : "GET"
  },
  "response" : {
    "status" : 200,
    "headers": {
            "Content-Type": "application/json",
            "Cache-Control": "no-cache"
        },
    "jsonBody" : {
	"getMasterEntitySourceEntityNameResponse": [{
			"masterEntityId": "248423992",
			"sourceEntityId": "7248423992",
			"sourceSystemCd": "INTCP",
			"sourceEntityNameId": "896845850",
			"usageTypeCd": "BRTH/MAIN",
			"standardFullName": "HALF DECENT PTY LTD",
			"organisationName": "HALF DECENT PTY LTD",
			"namePrefix": "",
			"firstName": "",
			"middleName": "",
			"familyName": "",
			"nameSuffix": "",
			"nameGeneration": "",
			"nameGenderCd": "",
			"nameEntityTypeCd": "ORG",
			"identifiedContactValue": "HALF DECENT PTY LTD",
			"effectiveStartDt": "2005-11-22"
		}
	],
	"totalrecords": 1
}

  }
}