{
  "priority": 1,
  "request" : {
    "urlPattern" : "/DataServices/resources/masterEntitySource/76917/Entity\\?(.*)",
    "method" : "GET"
  },
  "response" : {
    "status" : 200,
    "headers": {
            "Content-Type": "application/json",
            "Cache-Control": "no-cache"
        },
    "jsonBody" : {
	"getMasterEntitySourceEntityResponse": [{
			"masterEntityId": "76917",
			"sourceEntityId": "746788568",
			"sourceSystemCd": "IAT",
			"entityTypeCd": "IND",
			"sex": "MALE",
			"birthDt": "1973-02-17",
			"birthCountryCd": "AUS",
			"effectiveStartDt": "2005-11-22"
		}	],
	"totalrecords": 1
}
  }
}