{
  "priority": 1,
  "request" : {
    "urlPattern" : "/DataServices/resources/masterEntitySource/248423992\\?(.*)",
    "method" : "GET"
  },
  "response" : {
    "status" : 200,
    "headers": {
            "Content-Type": "application/json",
            "Cache-Control": "no-cache"
        },
    "jsonBody" : {
	"getMasterEntitySourceResponse": [{
			"masterEntityId": "248423992",
			"sourceEntityId": "7248423992",
			"masterSourceSystemCd": "INTCP",
			"masterSourceObjectTypeCd": "INTCP_ORG",
			"masterSourceKeyValue": "O500491",
			"MDMProfileName": "IND_BIO_NM_CRED",
			"masteredIndicator": "Y",
			"MDMMatchScorePercent": "91",
			"sourceSystemCd": "INTCP",
			"sourceObjectTypeCd": "INTCP_PAX",
			"sourceKeyValue": "O500491",
			"sourceRelatedKeyValue": "O500491",
			"masterEntityNameID": "34367802",
			"masterEntityAddressID": "",
			"masterEntityCredentialID": "1079844132",
			"masterEntityEmailID": "",
			"masterEntityPhoneID": "",
			"sourceEntityNameId": "896845850",
			"sourceEntityAddressId": "",
			"sourceEntityCredentialId": "1022194506",
			"sourceEntityEmailId": "",
			"sourceEntityPhoneId": "",
			"masterValidStartTmstmp": "2015-04-01 15:51:25.780000",
			"sourceValidStartTmstmp": "2005-11-22 11:45:24.000000",
			"CDLStartTmstmp": "2016-09-20 05:38:40.720000"
		}
	],
	"totalrecords": 1
}


  }
}