<soapenv:Envelope xmlns:soapenv="http://schemas.xmlsoap.org/soap/envelope/" xmlns:v1="http://border.gov.au/service/risk/traveller/iat/request/v1" xmlns:v11="http://border.gov.au/service/risk/traveller/common/v1" xmlns:v12="http://border.gov.au/service/risk/traveller/iat/common/v1">
   <soapenv:Header/>
   <soapenv:Body>
      <v1:GetTravellerHistoryRequest>
         <v1:RequestHeader>
            <v11:correlationRequestId>PM-155</v11:correlationRequestId>
            <v11:userId>???</v11:userId>
            <v11:userRole>Test Engineer</v11:userRole>
            <v11:sourceSystemId>USR</v11:sourceSystemId>
            <v11:requestTimeStamp>2016-03-10T11:50:00</v11:requestTimeStamp>
         </v1:RequestHeader>
         <v1:ListOfIATTravellerId>
            <!--Zero or more repetitions:-->
            <v1:IATTravellerId>0114954323</v1:IATTravellerId>
         </v1:ListOfIATTravellerId>
         <!--Optional:-->
      </v1:GetTravellerHistoryRequest>
   </soapenv:Body>
</soapenv:Envelope>