<soapenv:Envelope xmlns:soapenv="http://schemas.xmlsoap.org/soap/envelope/" xmlns:v1="http://border.gov.au/service/risk/traveller/pnr/response/v1" xmlns:v11="http://border.gov.au/service/risk/traveller/pnr/v1" xmlns:v12="http://border.gov.au/service/risk/traveller/pnr/common/v1" xmlns:v13="http://border.gov.au/service/risk/traveller/iat/common/v1">
   <soapenv:Header/>
   <soapenv:Body>
      <v1:GetHistoricalBookingDataResponse>
         <!--Optional:-->
         <v1:ListOfHistoricalPNRRecord>
            <!--Zero or more repetitions:-->
            <v1:PNRRecord>
               <v11:RecordLocator>ABC123</v11:RecordLocator>
               <v11:CreationTimeStamp>2012-01-09T09:30:00</v11:CreationTimeStamp>
               <v11:LocalScheduledDate>2012-01-09</v11:LocalScheduledDate>
               <v11:LocalPortCode>SYD</v11:LocalPortCode>
               <v11:DirectionCode>O</v11:DirectionCode>
               <v11:RouteId>QF45</v11:RouteId>
               <v11:LastReceivedTimeStamp>2012-01-09T06:30:00</v11:LastReceivedTimeStamp>
               <v11:PNRPushCount>3</v11:PNRPushCount>
               <!--Optional:-->
               <v11:Carrier>1A</v11:Carrier>
               <v11:PNRTraveller>
                  <v12:PassengerTattoo>4</v12:PassengerTattoo>
                  <v12:Biographic>
                     <v13:familyName>Johnson</v13:familyName>
                     <v13:givenName>Caorina Ann</v13:givenName>
                  </v12:Biographic>
               </v11:PNRTraveller>
            </v1:PNRRecord>
            <v1:PNRRecord>
               <v11:RecordLocator>BCD456</v11:RecordLocator>
               <v11:CreationTimeStamp>2012-01-10T10:30:00</v11:CreationTimeStamp>
               <v11:LocalScheduledDate>2012-01-10</v11:LocalScheduledDate>
               <v11:LocalPortCode>SYD</v11:LocalPortCode>
               <v11:DirectionCode>O</v11:DirectionCode>
               <v11:RouteId>QF45</v11:RouteId>
               <v11:LastReceivedTimeStamp>2012-01-10T17:30:00</v11:LastReceivedTimeStamp>
               <v11:PNRPushCount>2</v11:PNRPushCount>
               <!--Optional:-->
               <v11:Carrier>NZ</v11:Carrier>
               <v11:PNRTraveller>
                  <v12:PassengerTattoo>4</v12:PassengerTattoo>
                  <v12:Biographic>
                     <v13:familyName>Johnson</v13:familyName>
                     <v13:givenName>>Corina Ann</v13:givenName>
                  </v12:Biographic>
               </v11:PNRTraveller>
            </v1:PNRRecord>
            <v1:PNRRecord>
               <v11:RecordLocator>XYZ432</v11:RecordLocator>
               <v11:CreationTimeStamp>2013-03-18T12:30:00</v11:CreationTimeStamp>
               <v11:LocalScheduledDate>2013-03-18</v11:LocalScheduledDate>
               <v11:LocalPortCode>SYD</v11:LocalPortCode>
               <v11:DirectionCode>I</v11:DirectionCode>
               <v11:RouteId>DL417</v11:RouteId>
               <v11:LastReceivedTimeStamp>2013-03-18T12:30:00</v11:LastReceivedTimeStamp>
               <v11:PNRPushCount>5</v11:PNRPushCount>
               <!--Optional:-->
               <v11:Carrier>DL</v11:Carrier>
               <v11:PNRTraveller>
                  <v12:PassengerTattoo>5</v12:PassengerTattoo>
                  <v12:Biographic>
                     <v13:familyName>Clark</v13:familyName>
                     <v13:givenName>Michelle</v13:givenName>
                  </v12:Biographic>
               </v11:PNRTraveller>
            </v1:PNRRecord>
            <v1:PNRRecord>
               <v11:RecordLocator>ABC123</v11:RecordLocator>
               <v11:CreationTimeStamp>2012-01-09T09:30:00</v11:CreationTimeStamp>
               <v11:LocalScheduledDate>2012-01-09</v11:LocalScheduledDate>
               <v11:LocalPortCode>SYD</v11:LocalPortCode>
               <v11:DirectionCode>O</v11:DirectionCode>
               <v11:RouteId>QF45</v11:RouteId>
               <v11:LastReceivedTimeStamp>2012-01-09T06:30:00</v11:LastReceivedTimeStamp>
               <v11:PNRPushCount>3</v11:PNRPushCount>
               <!--Optional:-->
               <v11:Carrier>1A</v11:Carrier>
               <v11:PNRTraveller>
                  <v12:PassengerTattoo>4</v12:PassengerTattoo>
                  <v12:Biographic>
                     <v13:familyName>Clark</v13:familyName>
                     <v13:givenName>MaMichellery</v13:givenName>
                  </v12:Biographic>
               </v11:PNRTraveller>
            </v1:PNRRecord>
         </v1:ListOfHistoricalPNRRecord>
         <!--Optional:-->
         <v1:ListOfMatchedIATTraveller>
            <!--Zero or more repetitions:-->
            <v1:MatchedIATTraveller>
               <v11:PNRTraveller>
                  <v12:PassengerTattoo>4</v12:PassengerTattoo>
                  <v12:TravelDoc>
                     <v12:TravelDocInfo>
					<v13:issueCountryCode>AUS</v13:issueCountryCode>
                     </v12:TravelDocInfo>
                     <v12:TravelDocDBT>90</v12:TravelDocDBT>
                  </v12:TravelDoc>
                  <v12:Biographic>
                     <v13:familyName>Johnson</v13:familyName>
                     <v13:givenName>Corina Ann</v13:givenName>
                  </v12:Biographic>
               </v11:PNRTraveller>
               <v11:IATTraveller>
                  <v12:IATTravellerId>0012345678</v12:IATTravellerId>
                  <v12:TravelDoc>
                     <v12:TravelDocInfo>
                        <v13:issueCountryCode>AUS</v13:issueCountryCode>
                     </v12:TravelDocInfo>
                  </v12:TravelDoc>
                  <v12:Biographic>
                     <v13:familyName>Johnson</v13:familyName>
                     <v13:givenName>Ann</v13:givenName>
                     <v13:sexCode>M</v13:sexCode>
                     <v13:birthDate>1989-01-01</v13:birthDate>
                  </v12:Biographic>
               </v11:IATTraveller>
            </v1:MatchedIATTraveller>
            <v1:MatchedIATTraveller>
               <v11:PNRTraveller>
                  <v12:PassengerTattoo>4</v12:PassengerTattoo>
                  <v12:TravelDoc>
                     <v12:TravelDocInfo>
					<v13:issueCountryCode>AUS</v13:issueCountryCode>
                     </v12:TravelDocInfo>
                     <v12:TravelDocDBT>78</v12:TravelDocDBT>
                  </v12:TravelDoc>
                  <v12:Biographic>
                     <v13:familyName>Johnson</v13:familyName>
                     <v13:givenName>Ann</v13:givenName>
                  </v12:Biographic>
               </v11:PNRTraveller>
               <v11:IATTraveller>
                  <v12:IATTravellerId>IATX123456789</v12:IATTravellerId>
                  <v12:TravelDoc>
                     <v12:TravelDocInfo>
                        <v13:issueCountryCode>AUS</v13:issueCountryCode>
                     </v12:TravelDocInfo>
                  </v12:TravelDoc>
                  <v12:Biographic>
                     <v13:familyName>Johnson</v13:familyName>
                     <v13:givenName>Ann</v13:givenName>
                     <v13:sexCode>M</v13:sexCode>
                     <v13:birthDate>1989-01-01</v13:birthDate>
                  </v12:Biographic>
               </v11:IATTraveller>
            </v1:MatchedIATTraveller>
            <v1:MatchedIATTraveller>
               <v11:PNRTraveller>
                  <v12:PassengerTattoo>5</v12:PassengerTattoo>
                  <v12:TravelDoc>
                     <v12:TravelDocInfo>
					<v13:issueCountryCode>USA</v13:issueCountryCode>
                     </v12:TravelDocInfo>
                  </v12:TravelDoc>
                  <v12:Biographic>
                     <v13:familyName>Clark</v13:familyName>
                     <v13:givenName>Michellen</v13:givenName>
                  </v12:Biographic>
               </v11:PNRTraveller>
               <v11:IATTraveller>
                  <v12:IATTravellerId>0056789123</v12:IATTravellerId>
                  <v12:TravelDoc>
                     <v12:TravelDocInfo>
                        <v13:issueCountryCode>USA</v13:issueCountryCode>
                     </v12:TravelDocInfo>
                  </v12:TravelDoc>
                  <v12:Biographic>
                     <v13:familyName>Clark</v13:familyName>
                     <v13:givenName>Barry Michellen</v13:givenName>
                     <v13:sexCode>F</v13:sexCode>
                     <v13:birthDate>1990-01-01</v13:birthDate>
                  </v12:Biographic>
               </v11:IATTraveller>
            </v1:MatchedIATTraveller>
         </v1:ListOfMatchedIATTraveller>
      </v1:GetHistoricalBookingDataResponse>
   </soapenv:Body>
</soapenv:Envelope>