<soapenv:Envelope xmlns:soapenv="http://schemas.xmlsoap.org/soap/envelope/">
   <soapenv:Body>
      <GetTravellerHistoryResponse xmlns="http://border.gov.au/service/risk/traveller/iat/response/v1" xmlns:iatcom="http://border.gov.au/service/risk/traveller/iat/common/v1" xmlns:iat="http://border.gov.au/service/risk/traveller/iat/v1">
         <ListOfTravellerHistory>
            <TravellerHistory>
               <IATTravellerID>0039950641</IATTravellerID>
               <ListOfPassportInfo>
                  <PassportInfo>
                     <iatcom:travelDocInfo>
                        <iatcom:travelDocId>ZZ213142</iatcom:travelDocId>
                        <iatcom:travelDocSequenceNbr>-1</iatcom:travelDocSequenceNbr>
                     </iatcom:travelDocInfo>
                     <iatcom:documentImpoundIndicator>N</iatcom:documentImpoundIndicator>
                  </PassportInfo>
                  <PassportInfo>
                     <iatcom:travelDocInfo>
                        <iatcom:travelDocId>ZZ393618</iatcom:travelDocId>
                        <iatcom:travelDocSequenceNbr>-1</iatcom:travelDocSequenceNbr>
                     </iatcom:travelDocInfo>
                     <iatcom:documentImpoundIndicator>N</iatcom:documentImpoundIndicator>
                  </PassportInfo>
                  <PassportInfo>
                     <iatcom:travelDocInfo>
                        <iatcom:travelDocId>ZZ002468</iatcom:travelDocId>
                        <iatcom:travelDocSequenceNbr>-1</iatcom:travelDocSequenceNbr>
                     </iatcom:travelDocInfo>
                     <iatcom:documentImpoundIndicator>N</iatcom:documentImpoundIndicator>
                  </PassportInfo>
                  <PassportInfo>
                     <iatcom:travelDocInfo>
                        <iatcom:travelDocId>ZZ658520</iatcom:travelDocId>
                        <iatcom:travelDocSequenceNbr>-1</iatcom:travelDocSequenceNbr>
                     </iatcom:travelDocInfo>
                     <iatcom:documentImpoundIndicator>N</iatcom:documentImpoundIndicator>
                  </PassportInfo>
                  <PassportInfo>
                     <iatcom:travelDocInfo>
                        <iatcom:travelDocId>LJ547268</iatcom:travelDocId>
                        <iatcom:travelDocSequenceNbr>-1</iatcom:travelDocSequenceNbr>
                     </iatcom:travelDocInfo>
                     <iatcom:documentImpoundIndicator>N</iatcom:documentImpoundIndicator>
                  </PassportInfo>
                  <PassportInfo>
                     <iatcom:travelDocInfo>
                        <iatcom:travelDocId>PC391034</iatcom:travelDocId>
                        <iatcom:travelDocSequenceNbr>-1</iatcom:travelDocSequenceNbr>
                     </iatcom:travelDocInfo>
                     <iatcom:documentImpoundIndicator>N</iatcom:documentImpoundIndicator>
                  </PassportInfo>
                  <PassportInfo>
                     <iatcom:travelDocInfo>
                        <iatcom:travelDocId>ZZ213142</iatcom:travelDocId>
                        <iatcom:travelDocSequenceNbr>-1</iatcom:travelDocSequenceNbr>
                     </iatcom:travelDocInfo>
                     <iatcom:documentImpoundIndicator>N</iatcom:documentImpoundIndicator>
                  </PassportInfo>
                  <PassportInfo>
                     <iatcom:travelDocInfo>
                        <iatcom:travelDocId>ZZ393618</iatcom:travelDocId>
                        <iatcom:travelDocSequenceNbr>00</iatcom:travelDocSequenceNbr>
                     </iatcom:travelDocInfo>
                     <iatcom:documentImpoundIndicator>N</iatcom:documentImpoundIndicator>
                  </PassportInfo>
                  <PassportInfo>
                     <iatcom:travelDocInfo>
                        <iatcom:travelDocId>BA658520</iatcom:travelDocId>
                        <iatcom:travelDocSequenceNbr>-1</iatcom:travelDocSequenceNbr>
                     </iatcom:travelDocInfo>
                     <iatcom:documentImpoundIndicator>N</iatcom:documentImpoundIndicator>
                  </PassportInfo>
               </ListOfPassportInfo>
               <ListOfVisaInfo>
                  <VisaInfo>
                     <iatcom:travelDocInfo>
                        <iatcom:travelDocId>VD213142</iatcom:travelDocId>
                        <iatcom:travelDocCountryCode>CAN</iatcom:travelDocCountryCode>
                     </iatcom:travelDocInfo>
                     <iatcom:lastUpdatedDate>2016-12-08</iatcom:lastUpdatedDate>
                     <iatcom:SourceSystemCode>MBV</iatcom:SourceSystemCode>
                     <iatcom:visaApplicationId>5396366.1</iatcom:visaApplicationId>
                     <iatcom:visaEntriesAllowedCode>M</iatcom:visaEntriesAllowedCode>
                     <iatcom:visaEntriesMadeCount>001</iatcom:visaEntriesMadeCount>
                     <iatcom:visaEvidenceNumber>0000000000</iatcom:visaEvidenceNumber>
                     <iatcom:visaGrantCheckCharacter>X</iatcom:visaGrantCheckCharacter>
                     <iatcom:visaLawfulUntilDate>2000-04-11</iatcom:visaLawfulUntilDate>
                     <iatcom:visaMigrantExpiryDate>2000-04-11</iatcom:visaMigrantExpiryDate>
                     <iatcom:visaPersonSeqNbr>0</iatcom:visaPersonSeqNbr>
                     <iatcom:visaPhysicalEvidenceStatusCode></iatcom:visaPhysicalEvidenceStatusCode>
                     <iatcom:visaResidenceCountryCode>-</iatcom:visaResidenceCountryCode>
                     <iatcom:visaStatusCode>S</iatcom:visaStatusCode>
                     <iatcom:visaStayPeriodText>M03</iatcom:visaStayPeriodText>
                  </VisaInfo>
                  <VisaInfo>
                     <iatcom:travelDocInfo>
                        <iatcom:travelDocId>IATX</iatcom:travelDocId>
                        <iatcom:travelDocCountryCode>-</iatcom:travelDocCountryCode>
                     </iatcom:travelDocInfo>
                     <iatcom:lastUpdatedDate>2005-07-30</iatcom:lastUpdatedDate>
                     <iatcom:occupationCode>0000</iatcom:occupationCode>
                     <iatcom:SourceSystemCode>P</iatcom:SourceSystemCode>
                     <iatcom:visaEntriesAllowedCode>M</iatcom:visaEntriesAllowedCode>
                     <iatcom:visaEntriesMadeCount>003</iatcom:visaEntriesMadeCount>
                     <iatcom:visaEvidenceNumber>0000000000</iatcom:visaEvidenceNumber>
                     <iatcom:visaImmigrationDirectiveCode>E</iatcom:visaImmigrationDirectiveCode>
                     <iatcom:visaLawfulGrantNumber>8099568834041</iatcom:visaLawfulGrantNumber>
                     <iatcom:visaMigrantExpiryDate>2007-07-01</iatcom:visaMigrantExpiryDate>
                     <iatcom:visaPersonSeqNbr>0</iatcom:visaPersonSeqNbr>
                     <iatcom:visaPhysicalEvidenceStatusCode></iatcom:visaPhysicalEvidenceStatusCode>
                     <iatcom:visaResidenceCountryCode>-</iatcom:visaResidenceCountryCode>
                     <iatcom:visaStatusCode>E</iatcom:visaStatusCode>
                     <iatcom:visaStayPeriodText>I</iatcom:visaStayPeriodText>
                  </VisaInfo>
                  <VisaInfo>
                     <iatcom:travelDocInfo>
                        <iatcom:travelDocId>VD213142</iatcom:travelDocId>
                        <iatcom:travelDocCountryCode>CAN</iatcom:travelDocCountryCode>
                     </iatcom:travelDocInfo>
                     <iatcom:lastUpdatedDate>1997-01-01</iatcom:lastUpdatedDate>
                     <iatcom:occupationCode>0000</iatcom:occupationCode>
                     <iatcom:SourceSystemCode>D</iatcom:SourceSystemCode>
                     <iatcom:visaApplicationId>PA9581372094027</iatcom:visaApplicationId>
                     <iatcom:visaCheckCharacter></iatcom:visaCheckCharacter>
                     <iatcom:visaEntriesAllowedCode>0</iatcom:visaEntriesAllowedCode>
                     <iatcom:visaEntriesMadeCount>000</iatcom:visaEntriesMadeCount>
                     <iatcom:visaEvidenceNumber>0000000000</iatcom:visaEvidenceNumber>
                     <iatcom:visaEvidenceStatusCode></iatcom:visaEvidenceStatusCode>
                     <iatcom:visaGrantCheckCharacter>G</iatcom:visaGrantCheckCharacter>
                     <iatcom:visaInformationText/>
                     <iatcom:visaLawfulUntilDate>2000-04-20</iatcom:visaLawfulUntilDate>
                     <iatcom:visaPersonSeqNbr>0</iatcom:visaPersonSeqNbr>
                     <iatcom:visaPhysicalEvidenceStatusCode></iatcom:visaPhysicalEvidenceStatusCode>
                     <iatcom:visaResidenceCountryCode>-</iatcom:visaResidenceCountryCode>
                     <iatcom:visaStatusCode>S</iatcom:visaStatusCode>
                     <iatcom:visaStayPeriodText>I</iatcom:visaStayPeriodText>
                  </VisaInfo>
                  <VisaInfo>
                     <iatcom:travelDocInfo>
                        <iatcom:travelDocId>VD213142</iatcom:travelDocId>
                        <iatcom:travelDocCountryCode>CAN</iatcom:travelDocCountryCode>
                     </iatcom:travelDocInfo>
                     <iatcom:lastUpdatedDate>1997-01-01</iatcom:lastUpdatedDate>
                     <iatcom:occupationCode>0000</iatcom:occupationCode>
                     <iatcom:SourceSystemCode>D</iatcom:SourceSystemCode>
                     <iatcom:visaApplicationId>PA9583860466105</iatcom:visaApplicationId>
                     <iatcom:visaCheckCharacter></iatcom:visaCheckCharacter>
                     <iatcom:visaEntriesAllowedCode>M</iatcom:visaEntriesAllowedCode>
                     <iatcom:visaEntriesMadeCount>000</iatcom:visaEntriesMadeCount>
                     <iatcom:visaEvidenceNumber>0000000000</iatcom:visaEvidenceNumber>
                     <iatcom:visaEvidenceStatusCode></iatcom:visaEvidenceStatusCode>
                     <iatcom:visaGrantCheckCharacter>X</iatcom:visaGrantCheckCharacter>
                     <iatcom:visaInformationText/>
                     <iatcom:visaLawfulUntilDate>2002-07-01</iatcom:visaLawfulUntilDate>
                     <iatcom:visaPersonSeqNbr>0</iatcom:visaPersonSeqNbr>
                     <iatcom:visaPhysicalEvidenceStatusCode></iatcom:visaPhysicalEvidenceStatusCode>
                     <iatcom:visaResidenceCountryCode>-</iatcom:visaResidenceCountryCode>
                     <iatcom:visaStatusCode>S</iatcom:visaStatusCode>
                     <iatcom:visaStayPeriodText>I</iatcom:visaStayPeriodText>
                  </VisaInfo>
                  <VisaInfo>
                     <iatcom:travelDocInfo>
                        <iatcom:travelDocId>BA658520</iatcom:travelDocId>
                        <iatcom:travelDocCountryCode>CAN</iatcom:travelDocCountryCode>
                     </iatcom:travelDocInfo>
                     <iatcom:lastUpdatedDate>2016-12-08</iatcom:lastUpdatedDate>
                     <iatcom:SourceSystemCode>SMV</iatcom:SourceSystemCode>
                     <iatcom:visaApplicationId>PE9589674526461</iatcom:visaApplicationId>
                     <iatcom:visaEntriesAllowedCode>M</iatcom:visaEntriesAllowedCode>
                     <iatcom:visaEntriesMadeCount>003</iatcom:visaEntriesMadeCount>
                     <iatcom:visaEvidenceNumber>0000000000</iatcom:visaEvidenceNumber>
                     <iatcom:visaGrantCheckCharacter>L</iatcom:visaGrantCheckCharacter>
                     <iatcom:visaLawfulUntilDate>2019-02-06</iatcom:visaLawfulUntilDate>
                     <iatcom:visaMigrantExpiryDate>2019-02-06</iatcom:visaMigrantExpiryDate>
                     <iatcom:visaPersonSeqNbr>0</iatcom:visaPersonSeqNbr>
                     <iatcom:visaPhysicalEvidenceStatusCode></iatcom:visaPhysicalEvidenceStatusCode>
                     <iatcom:visaResidenceCountryCode>-</iatcom:visaResidenceCountryCode>
                     <iatcom:visaStatusCode>E</iatcom:visaStatusCode>
                     <iatcom:visaStayPeriodText>I</iatcom:visaStayPeriodText>
                  </VisaInfo>
                  <VisaInfo>
                     <iatcom:travelDocInfo>
                        <iatcom:travelDocId>BA658520</iatcom:travelDocId>
                        <iatcom:travelDocCountryCode>CAN</iatcom:travelDocCountryCode>
                        <iatcom:issueCountryCode>CAN</iatcom:issueCountryCode>
                     </iatcom:travelDocInfo>
                     <iatcom:lastUpdatedDate>2010-12-08</iatcom:lastUpdatedDate>
                     <iatcom:occupationCode>0000</iatcom:occupationCode>
                     <iatcom:SourceSystemCode>MBV</iatcom:SourceSystemCode>
                     <iatcom:visaEntriesAllowedCode>M</iatcom:visaEntriesAllowedCode>
                     <iatcom:visaEntriesMadeCount>008</iatcom:visaEntriesMadeCount>
                     <iatcom:visaEvidenceNumber>0000000000</iatcom:visaEvidenceNumber>
                     <iatcom:visaImmigrationDirectiveCode>E</iatcom:visaImmigrationDirectiveCode>
                     <iatcom:visaLawfulGrantNumber>0680111960538</iatcom:visaLawfulGrantNumber>
                     <iatcom:visaLawfulUntilDate>2013-05-22</iatcom:visaLawfulUntilDate>
                     <iatcom:visaMigrantExpiryDate>2013-05-22</iatcom:visaMigrantExpiryDate>
                     <iatcom:visaPersonSeqNbr>0</iatcom:visaPersonSeqNbr>
                     <iatcom:visaPhysicalEvidenceStatusCode></iatcom:visaPhysicalEvidenceStatusCode>
                     <iatcom:visaResidenceCountryCode>-</iatcom:visaResidenceCountryCode>
                     <iatcom:visaStatusCode>E</iatcom:visaStatusCode>
                     <iatcom:visaStayPeriodText>I</iatcom:visaStayPeriodText>
                  </VisaInfo>
                  <VisaInfo>
                     <iatcom:travelDocInfo>
                        <iatcom:travelDocId>GA393618</iatcom:travelDocId>
                        <iatcom:travelDocCountryCode>CAN</iatcom:travelDocCountryCode>
                        <iatcom:issueCountryCode>CAN</iatcom:issueCountryCode>
                     </iatcom:travelDocInfo>
                     <iatcom:lastUpdatedDate>2017-02-19</iatcom:lastUpdatedDate>
                     <iatcom:occupationCode>0000</iatcom:occupationCode>
                     <iatcom:SourceSystemCode>MBV</iatcom:SourceSystemCode>
                     <iatcom:visaEntriesAllowedCode>M</iatcom:visaEntriesAllowedCode>
                     <iatcom:visaEntriesMadeCount>005</iatcom:visaEntriesMadeCount>
                     <iatcom:visaEvidenceNumber>0000000000</iatcom:visaEvidenceNumber>
                     <iatcom:visaImmigrationDirectiveCode>E</iatcom:visaImmigrationDirectiveCode>
                     <iatcom:visaLawfulGrantNumber>8269552489562</iatcom:visaLawfulGrantNumber>
                     <iatcom:visaMigrantExpiryDate>2019-02-06</iatcom:visaMigrantExpiryDate>
                     <iatcom:visaPersonSeqNbr>0</iatcom:visaPersonSeqNbr>
                     <iatcom:visaPhysicalEvidenceStatusCode></iatcom:visaPhysicalEvidenceStatusCode>
                     <iatcom:visaResidenceCountryCode>-</iatcom:visaResidenceCountryCode>
                     <iatcom:visaStatusCode>E</iatcom:visaStatusCode>
                     <iatcom:visaStayPeriodText>I</iatcom:visaStayPeriodText>
                  </VisaInfo>
                  <VisaInfo>
                     <iatcom:travelDocInfo>
                        <iatcom:travelDocId>DS002468</iatcom:travelDocId>
                        <iatcom:travelDocCountryCode>CAN</iatcom:travelDocCountryCode>
                     </iatcom:travelDocInfo>
                     <iatcom:lastUpdatedDate>2016-12-08</iatcom:lastUpdatedDate>
                     <iatcom:SourceSystemCode>MBV</iatcom:SourceSystemCode>
                     <iatcom:visaApplicationId>06815174837101</iatcom:visaApplicationId>
                     <iatcom:visaCheckCharacter>L</iatcom:visaCheckCharacter>
                     <iatcom:visaEntriesAllowedCode>M</iatcom:visaEntriesAllowedCode>
                     <iatcom:visaEntriesMadeCount>012</iatcom:visaEntriesMadeCount>
                     <iatcom:visaEvidenceNumber>0680000305</iatcom:visaEvidenceNumber>
                     <iatcom:visaEvidenceStatusCode>V</iatcom:visaEvidenceStatusCode>
                     <iatcom:visaGrantCheckCharacter>P</iatcom:visaGrantCheckCharacter>
                     <iatcom:visaLawfulUntilDate>2014-02-06</iatcom:visaLawfulUntilDate>
                     <iatcom:visaMigrantExpiryDate>2013-05-22</iatcom:visaMigrantExpiryDate>
                     <iatcom:visaPersonSeqNbr>1</iatcom:visaPersonSeqNbr>
                     <iatcom:visaPhysicalEvidenceStatusCode>I</iatcom:visaPhysicalEvidenceStatusCode>
                     <iatcom:visaResidenceCountryCode>AUS</iatcom:visaResidenceCountryCode>
                     <iatcom:visaStatusCode>S</iatcom:visaStatusCode>
                     <iatcom:visaStayPeriodText>I</iatcom:visaStayPeriodText>
                  </VisaInfo>
                  <VisaInfo>
                     <iatcom:travelDocInfo>
                        <iatcom:travelDocId>LJ547268</iatcom:travelDocId>
                        <iatcom:travelDocCountryCode>CAN</iatcom:travelDocCountryCode>
                     </iatcom:travelDocInfo>
                     <iatcom:lastUpdatedDate>2016-12-08</iatcom:lastUpdatedDate>
                     <iatcom:SourceSystemCode>MBV</iatcom:SourceSystemCode>
                     <iatcom:visaApplicationId>06815174837101</iatcom:visaApplicationId>
                     <iatcom:visaCheckCharacter>P</iatcom:visaCheckCharacter>
                     <iatcom:visaEntriesAllowedCode>M</iatcom:visaEntriesAllowedCode>
                     <iatcom:visaEntriesMadeCount>012</iatcom:visaEntriesMadeCount>
                     <iatcom:visaEvidenceNumber>5581179898</iatcom:visaEvidenceNumber>
                     <iatcom:visaEvidenceStatusCode>V</iatcom:visaEvidenceStatusCode>
                     <iatcom:visaGrantCheckCharacter>P</iatcom:visaGrantCheckCharacter>
                     <iatcom:visaLawfulUntilDate>2014-02-06</iatcom:visaLawfulUntilDate>
                     <iatcom:visaMigrantExpiryDate>2013-05-22</iatcom:visaMigrantExpiryDate>
                     <iatcom:visaPersonSeqNbr>1</iatcom:visaPersonSeqNbr>
                     <iatcom:visaPhysicalEvidenceStatusCode>O</iatcom:visaPhysicalEvidenceStatusCode>
                     <iatcom:visaResidenceCountryCode>AUS</iatcom:visaResidenceCountryCode>
                     <iatcom:visaStatusCode>S</iatcom:visaStatusCode>
                     <iatcom:visaStayPeriodText>I</iatcom:visaStayPeriodText>
                  </VisaInfo>
                  <VisaInfo>
                     <iatcom:travelDocInfo>
                        <iatcom:travelDocId>BA658520</iatcom:travelDocId>
                        <iatcom:travelDocCountryCode>CAN</iatcom:travelDocCountryCode>
                     </iatcom:travelDocInfo>
                     <iatcom:lastUpdatedDate>2016-12-08</iatcom:lastUpdatedDate>
                     <iatcom:SourceSystemCode>MBV</iatcom:SourceSystemCode>
                     <iatcom:visaApplicationId>06815174837101</iatcom:visaApplicationId>
                     <iatcom:visaCheckCharacter>K</iatcom:visaCheckCharacter>
                     <iatcom:visaEntriesAllowedCode>M</iatcom:visaEntriesAllowedCode>
                     <iatcom:visaEntriesMadeCount>012</iatcom:visaEntriesMadeCount>
                     <iatcom:visaEvidenceNumber>8098490271</iatcom:visaEvidenceNumber>
                     <iatcom:visaEvidenceStatusCode>C</iatcom:visaEvidenceStatusCode>
                     <iatcom:visaGrantCheckCharacter>P</iatcom:visaGrantCheckCharacter>
                     <iatcom:visaLawfulUntilDate>2014-02-06</iatcom:visaLawfulUntilDate>
                     <iatcom:visaMigrantExpiryDate>2013-05-22</iatcom:visaMigrantExpiryDate>
                     <iatcom:visaPersonSeqNbr>1</iatcom:visaPersonSeqNbr>
                     <iatcom:visaPhysicalEvidenceStatusCode></iatcom:visaPhysicalEvidenceStatusCode>
                     <iatcom:visaResidenceCountryCode>AUS</iatcom:visaResidenceCountryCode>
                     <iatcom:visaStatusCode>S</iatcom:visaStatusCode>
                     <iatcom:visaStayPeriodText>I</iatcom:visaStayPeriodText>
                  </VisaInfo>
                  <VisaInfo>
                     <iatcom:travelDocInfo>
                        <iatcom:travelDocId>VD213142</iatcom:travelDocId>
                        <iatcom:travelDocCountryCode>CAN</iatcom:travelDocCountryCode>
                     </iatcom:travelDocInfo>
                     <iatcom:lastUpdatedDate>2016-12-08</iatcom:lastUpdatedDate>
                     <iatcom:SourceSystemCode>MBV</iatcom:SourceSystemCode>
                     <iatcom:visaApplicationId>15000018759101</iatcom:visaApplicationId>
                     <iatcom:visaCheckCharacter>A</iatcom:visaCheckCharacter>
                     <iatcom:visaEntriesAllowedCode>M</iatcom:visaEntriesAllowedCode>
                     <iatcom:visaEntriesMadeCount>001</iatcom:visaEntriesMadeCount>
                     <iatcom:visaEvidenceNumber>6300230400</iatcom:visaEvidenceNumber>
                     <iatcom:visaEvidenceStatusCode>C</iatcom:visaEvidenceStatusCode>
                     <iatcom:visaGrantCheckCharacter>C</iatcom:visaGrantCheckCharacter>
                     <iatcom:visaLawfulUntilDate>1997-08-25</iatcom:visaLawfulUntilDate>
                     <iatcom:visaMigrantExpiryDate>1997-08-25</iatcom:visaMigrantExpiryDate>
                     <iatcom:visaPersonSeqNbr>1</iatcom:visaPersonSeqNbr>
                     <iatcom:visaPhysicalEvidenceStatusCode>O</iatcom:visaPhysicalEvidenceStatusCode>
                     <iatcom:visaResidenceCountryCode>CAN</iatcom:visaResidenceCountryCode>
                     <iatcom:visaStatusCode>S</iatcom:visaStatusCode>
                     <iatcom:visaStayPeriodText>M03</iatcom:visaStayPeriodText>
                  </VisaInfo>
                  <VisaInfo>
                     <iatcom:travelDocInfo>
                        <iatcom:travelDocId>VD213142</iatcom:travelDocId>
                        <iatcom:travelDocCountryCode>CAN</iatcom:travelDocCountryCode>
                     </iatcom:travelDocInfo>
                     <iatcom:lastUpdatedDate>2016-12-08</iatcom:lastUpdatedDate>
                     <iatcom:SourceSystemCode>MBV</iatcom:SourceSystemCode>
                     <iatcom:visaApplicationId>15000019762901</iatcom:visaApplicationId>
                     <iatcom:visaCheckCharacter>G</iatcom:visaCheckCharacter>
                     <iatcom:visaEntriesAllowedCode>M</iatcom:visaEntriesAllowedCode>
                     <iatcom:visaEntriesMadeCount>001</iatcom:visaEntriesMadeCount>
                     <iatcom:visaEvidenceNumber>6300240760</iatcom:visaEvidenceNumber>
                     <iatcom:visaEvidenceStatusCode>C</iatcom:visaEvidenceStatusCode>
                     <iatcom:visaGrantCheckCharacter>E</iatcom:visaGrantCheckCharacter>
                     <iatcom:visaLawfulUntilDate>1998-05-25</iatcom:visaLawfulUntilDate>
                     <iatcom:visaMigrantExpiryDate>1998-05-25</iatcom:visaMigrantExpiryDate>
                     <iatcom:visaPersonSeqNbr>1</iatcom:visaPersonSeqNbr>
                     <iatcom:visaPhysicalEvidenceStatusCode>O</iatcom:visaPhysicalEvidenceStatusCode>
                     <iatcom:visaResidenceCountryCode>CAN</iatcom:visaResidenceCountryCode>
                     <iatcom:visaStatusCode>S</iatcom:visaStatusCode>
                     <iatcom:visaStayPeriodText>19980525</iatcom:visaStayPeriodText>
                  </VisaInfo>
                  <VisaInfo>
                     <iatcom:travelDocInfo>
                        <iatcom:travelDocId>VD213142</iatcom:travelDocId>
                        <iatcom:travelDocCountryCode>CAN</iatcom:travelDocCountryCode>
                     </iatcom:travelDocInfo>
                     <iatcom:lastUpdatedDate>2016-12-08</iatcom:lastUpdatedDate>
                     <iatcom:SourceSystemCode>MBV</iatcom:SourceSystemCode>
                     <iatcom:visaApplicationId>PA9589348838293</iatcom:visaApplicationId>
                     <iatcom:visaCheckCharacter>S</iatcom:visaCheckCharacter>
                     <iatcom:visaEntriesAllowedCode>0</iatcom:visaEntriesAllowedCode>
                     <iatcom:visaEntriesMadeCount>000</iatcom:visaEntriesMadeCount>
                     <iatcom:visaEvidenceNumber>8092648716</iatcom:visaEvidenceNumber>
                     <iatcom:visaEvidenceStatusCode>C</iatcom:visaEvidenceStatusCode>
                     <iatcom:visaGrantCheckCharacter>G</iatcom:visaGrantCheckCharacter>
                     <iatcom:visaLawfulUntilDate>2002-07-01</iatcom:visaLawfulUntilDate>
                     <iatcom:visaPersonSeqNbr>1</iatcom:visaPersonSeqNbr>
                     <iatcom:visaPhysicalEvidenceStatusCode></iatcom:visaPhysicalEvidenceStatusCode>
                     <iatcom:visaResidenceCountryCode>-</iatcom:visaResidenceCountryCode>
                     <iatcom:visaStatusCode>S</iatcom:visaStatusCode>
                     <iatcom:visaStayPeriodText>I</iatcom:visaStayPeriodText>
                  </VisaInfo>
                  <VisaInfo>
                     <iatcom:travelDocInfo>
                        <iatcom:travelDocId>PC391034</iatcom:travelDocId>
                        <iatcom:travelDocCountryCode>CAN</iatcom:travelDocCountryCode>
                     </iatcom:travelDocInfo>
                     <iatcom:lastUpdatedDate>2016-12-08</iatcom:lastUpdatedDate>
                     <iatcom:SourceSystemCode>MBV</iatcom:SourceSystemCode>
                     <iatcom:visaApplicationId>PA9583860466105</iatcom:visaApplicationId>
                     <iatcom:visaCheckCharacter>E</iatcom:visaCheckCharacter>
                     <iatcom:visaEntriesAllowedCode>M</iatcom:visaEntriesAllowedCode>
                     <iatcom:visaEntriesMadeCount>004</iatcom:visaEntriesMadeCount>
                     <iatcom:visaEvidenceNumber>8091065525</iatcom:visaEvidenceNumber>
                     <iatcom:visaEvidenceStatusCode>V</iatcom:visaEvidenceStatusCode>
                     <iatcom:visaGrantCheckCharacter>T</iatcom:visaGrantCheckCharacter>
                     <iatcom:visaLawfulUntilDate>2008-05-19</iatcom:visaLawfulUntilDate>
                     <iatcom:visaMigrantExpiryDate>2007-07-01</iatcom:visaMigrantExpiryDate>
                     <iatcom:visaPersonSeqNbr>1</iatcom:visaPersonSeqNbr>
                     <iatcom:visaPhysicalEvidenceStatusCode>I</iatcom:visaPhysicalEvidenceStatusCode>
                     <iatcom:visaResidenceCountryCode>-</iatcom:visaResidenceCountryCode>
                     <iatcom:visaStatusCode>S</iatcom:visaStatusCode>
                     <iatcom:visaStayPeriodText>I</iatcom:visaStayPeriodText>
                  </VisaInfo>
                  <VisaInfo>
                     <iatcom:travelDocInfo>
                        <iatcom:travelDocId>LJ547268</iatcom:travelDocId>
                        <iatcom:travelDocCountryCode>CAN</iatcom:travelDocCountryCode>
                     </iatcom:travelDocInfo>
                     <iatcom:lastUpdatedDate>2016-12-08</iatcom:lastUpdatedDate>
                     <iatcom:SourceSystemCode>MBV</iatcom:SourceSystemCode>
                     <iatcom:visaApplicationId>PA9583860466105</iatcom:visaApplicationId>
                     <iatcom:visaCheckCharacter>L</iatcom:visaCheckCharacter>
                     <iatcom:visaEntriesAllowedCode>M</iatcom:visaEntriesAllowedCode>
                     <iatcom:visaEntriesMadeCount>004</iatcom:visaEntriesMadeCount>
                     <iatcom:visaEvidenceNumber>8266448768</iatcom:visaEvidenceNumber>
                     <iatcom:visaEvidenceStatusCode>C</iatcom:visaEvidenceStatusCode>
                     <iatcom:visaGrantCheckCharacter>T</iatcom:visaGrantCheckCharacter>
                     <iatcom:visaLawfulUntilDate>2008-05-19</iatcom:visaLawfulUntilDate>
                     <iatcom:visaMigrantExpiryDate>2007-07-01</iatcom:visaMigrantExpiryDate>
                     <iatcom:visaPersonSeqNbr>1</iatcom:visaPersonSeqNbr>
                     <iatcom:visaPhysicalEvidenceStatusCode></iatcom:visaPhysicalEvidenceStatusCode>
                     <iatcom:visaResidenceCountryCode>-</iatcom:visaResidenceCountryCode>
                     <iatcom:visaStatusCode>S</iatcom:visaStatusCode>
                     <iatcom:visaStayPeriodText>I</iatcom:visaStayPeriodText>
                  </VisaInfo>
               </ListOfVisaInfo>
               <ListOfBioDataInfo>
                  <BioDataInfo>
                     <iatcom:aliasSequenceNbr>1</iatcom:aliasSequenceNbr>
                     <iatcom:personInfo>
                        <iatcom:familyName>ZZZZ</iatcom:familyName>
                        <iatcom:givenName>MMMMM</iatcom:givenName>
                        <iatcom:sexCode>M</iatcom:sexCode>
                        <iatcom:birthDate>19651010</iatcom:birthDate>
                     </iatcom:personInfo>
                     <iatcom:birthNameInd>N</iatcom:birthNameInd>
                     <iatcom:currentNameInd>N</iatcom:currentNameInd>
                     <iatcom:lastUpdateDate>2008-05-26</iatcom:lastUpdateDate>
                  </BioDataInfo>
                  <BioDataInfo>
                     <iatcom:aliasSequenceNbr>2</iatcom:aliasSequenceNbr>
                     <iatcom:personInfo>
                        <iatcom:familyName>ZZZ</iatcom:familyName>
                        <iatcom:givenName>VVV</iatcom:givenName>
                        <iatcom:sexCode>M</iatcom:sexCode>
                        <iatcom:birthDate>19651010</iatcom:birthDate>
                     </iatcom:personInfo>
                     <iatcom:birthNameInd>N</iatcom:birthNameInd>
                     <iatcom:currentNameInd>N</iatcom:currentNameInd>
                     <iatcom:lastUpdateDate>2008-01-29</iatcom:lastUpdateDate>
                  </BioDataInfo>
               </ListOfBioDataInfo>
               <ListOfMovementInfo>
                  <MovementInfo>
                     <iat:travelDocInfo>
                        <iatcom:travelDocId>VD213142</iatcom:travelDocId>
                        <iatcom:travelDocCountryCode>CAN</iatcom:travelDocCountryCode>
                     </iat:travelDocInfo>
                     <iat:directionCode>I</iat:directionCode>
                     <iat:localPortCode>SYD</iat:localPortCode>
                     <iat:localScheduledDate>1997-03-04</iat:localScheduledDate>
                     <iat:routeId>QF4</iat:routeId>
                     <iat:visaSubClassCode>676</iat:visaSubClassCode>
                     <iat:passengerCrewCode>P</iat:passengerCrewCode>
                     <iat:movementDate>1997-03-04</iat:movementDate>
                     <iat:movementTime>08:35:56</iat:movementTime>
                  </MovementInfo>
                  <MovementInfo>
                     <iat:travelDocInfo>
                        <iatcom:travelDocId>VD213142</iatcom:travelDocId>
                        <iatcom:travelDocCountryCode>CAN</iatcom:travelDocCountryCode>
                     </iat:travelDocInfo>
                     <iat:directionCode>O</iat:directionCode>
                     <iat:localPortCode>SYD</iat:localPortCode>
                     <iat:localScheduledDate>1997-03-30</iat:localScheduledDate>
                     <iat:routeId>CP6080</iat:routeId>
                     <iat:visaSubClassCode>676</iat:visaSubClassCode>
                     <iat:passengerCrewCode>P</iat:passengerCrewCode>
                     <iat:movementDate>1997-03-30</iat:movementDate>
                     <iat:movementTime>09:33:58</iat:movementTime>
                  </MovementInfo>
                  <MovementInfo>
                     <iat:travelDocInfo>
                        <iatcom:travelDocId>VD213142</iatcom:travelDocId>
                        <iatcom:travelDocCountryCode>CAN</iatcom:travelDocCountryCode>
                     </iat:travelDocInfo>
                     <iat:directionCode>I</iat:directionCode>
                     <iat:localPortCode>SYD</iat:localPortCode>
                     <iat:localScheduledDate>1997-10-13</iat:localScheduledDate>
                     <iat:routeId>QF4</iat:routeId>
                     <iat:visaSubClassCode>300</iat:visaSubClassCode>
                     <iat:passengerCrewCode>P</iat:passengerCrewCode>
                     <iat:movementDate>1997-10-13</iat:movementDate>
                     <iat:movementTime>07:08:29</iat:movementTime>
                  </MovementInfo>
                  <MovementInfo>
                     <iat:travelDocInfo>
                        <iatcom:travelDocId>VD213142</iatcom:travelDocId>
                        <iatcom:travelDocCountryCode>CAN</iatcom:travelDocCountryCode>
                     </iat:travelDocInfo>
                     <iat:directionCode>O</iat:directionCode>
                     <iat:localPortCode>SYD</iat:localPortCode>
                     <iat:localScheduledDate>1998-05-16</iat:localScheduledDate>
                     <iat:routeId>CP6080</iat:routeId>
                     <iat:visaSubClassCode>300</iat:visaSubClassCode>
                     <iat:passengerCrewCode>P</iat:passengerCrewCode>
                     <iat:movementDate>1998-05-16</iat:movementDate>
                     <iat:movementTime>08:49:52</iat:movementTime>
                  </MovementInfo>
                  <MovementInfo>
                     <iat:travelDocInfo>
                        <iatcom:travelDocId>VD213142</iatcom:travelDocId>
                        <iatcom:travelDocCountryCode>CAN</iatcom:travelDocCountryCode>
                     </iat:travelDocInfo>
                     <iat:directionCode>I</iat:directionCode>
                     <iat:localPortCode>SYD</iat:localPortCode>
                     <iat:localScheduledDate>2000-01-11</iat:localScheduledDate>
                     <iat:routeId>MM779</iat:routeId>
                     <iat:visaSubClassCode>976</iat:visaSubClassCode>
                     <iat:passengerCrewCode>P</iat:passengerCrewCode>
                     <iat:movementDate>2000-01-11</iat:movementDate>
                     <iat:movementTime>10:35:26</iat:movementTime>
                  </MovementInfo>
                  <MovementInfo>
                     <iat:travelDocInfo>
                        <iatcom:travelDocId>PC391034</iatcom:travelDocId>
                        <iatcom:travelDocCountryCode>CAN</iatcom:travelDocCountryCode>
                     </iat:travelDocInfo>
                     <iat:directionCode>O</iat:directionCode>
                     <iat:localPortCode>SYD</iat:localPortCode>
                     <iat:localScheduledDate>2003-07-18</iat:localScheduledDate>
                     <iat:routeId>UA862</iat:routeId>
                     <iat:visaSubClassCode>801</iat:visaSubClassCode>
                     <iat:passengerCrewCode>P</iat:passengerCrewCode>
                     <iat:movementDate>2003-07-18</iat:movementDate>
                     <iat:movementTime>12:19:15</iat:movementTime>
                  </MovementInfo>
                  <MovementInfo>
                     <iat:travelDocInfo>
                        <iatcom:travelDocId>PC391034</iatcom:travelDocId>
                        <iatcom:travelDocCountryCode>CAN</iatcom:travelDocCountryCode>
                     </iat:travelDocInfo>
                     <iat:directionCode>I</iat:directionCode>
                     <iat:localPortCode>SYD</iat:localPortCode>
                     <iat:localScheduledDate>2003-08-04</iat:localScheduledDate>
                     <iat:routeId>UA863</iat:routeId>
                     <iat:visaSubClassCode>801</iat:visaSubClassCode>
                     <iat:passengerCrewCode>P</iat:passengerCrewCode>
                     <iat:movementDate>2003-08-04</iat:movementDate>
                     <iat:movementTime>07:40:41</iat:movementTime>
                  </MovementInfo>
                  <MovementInfo>
                     <iat:travelDocInfo>
                        <iatcom:travelDocId>PC391034</iatcom:travelDocId>
                        <iatcom:travelDocCountryCode>CAN</iatcom:travelDocCountryCode>
                     </iat:travelDocInfo>
                     <iat:directionCode>O</iat:directionCode>
                     <iat:localPortCode>SYD</iat:localPortCode>
                     <iat:localScheduledDate>2004-10-22</iat:localScheduledDate>
                     <iat:routeId>QF107</iat:routeId>
                     <iat:visaSubClassCode>801</iat:visaSubClassCode>
                     <iat:passengerCrewCode>P</iat:passengerCrewCode>
                     <iat:movementDate>2004-10-22</iat:movementDate>
                     <iat:movementTime>09:27:57</iat:movementTime>
                  </MovementInfo>
                  <MovementInfo>
                     <iat:travelDocInfo>
                        <iatcom:travelDocId>PC391034</iatcom:travelDocId>
                        <iatcom:travelDocCountryCode>CAN</iatcom:travelDocCountryCode>
                     </iat:travelDocInfo>
                     <iat:directionCode>I</iat:directionCode>
                     <iat:localPortCode>SYD</iat:localPortCode>
                     <iat:localScheduledDate>2004-11-08</iat:localScheduledDate>
                     <iat:routeId>QF108</iat:routeId>
                     <iat:visaSubClassCode>801</iat:visaSubClassCode>
                     <iat:passengerCrewCode>P</iat:passengerCrewCode>
                     <iat:movementDate>2004-11-08</iat:movementDate>
                     <iat:movementTime>09:32:08</iat:movementTime>
                  </MovementInfo>
                  <MovementInfo>
                     <iat:travelDocInfo>
                        <iatcom:travelDocId>PC391034</iatcom:travelDocId>
                        <iatcom:travelDocCountryCode>CAN</iatcom:travelDocCountryCode>
                     </iat:travelDocInfo>
                     <iat:checkInPortCode>-</iat:checkInPortCode>
                     <iat:directionCode>O</iat:directionCode>
                     <iat:localPortCode>SYD</iat:localPortCode>
                     <iat:localScheduledDate>2005-07-16</iat:localScheduledDate>
                     <iat:routeId>FJ910</iat:routeId>
                     <iat:visaSubClassCode>801</iat:visaSubClassCode>
                     <iat:passengerCrewCode>P</iat:passengerCrewCode>
                     <iat:movementDate>2005-07-16</iat:movementDate>
                     <iat:movementTime>13:05:42</iat:movementTime>
                     <iat:movementStatusCode>A</iat:movementStatusCode>
                  </MovementInfo>
                  <MovementInfo>
                     <iat:travelDocInfo>
                        <iatcom:travelDocId>PC391034</iatcom:travelDocId>
                        <iatcom:travelDocCountryCode>CAN</iatcom:travelDocCountryCode>
                     </iat:travelDocInfo>
                     <iat:checkInPortCode>NAN</iat:checkInPortCode>
                     <iat:directionCode>I</iat:directionCode>
                     <iat:localPortCode>SYD</iat:localPortCode>
                     <iat:localScheduledDate>2005-07-30</iat:localScheduledDate>
                     <iat:routeId>FJ911</iat:routeId>
                     <iat:visaSubClassCode>801</iat:visaSubClassCode>
                     <iat:passengerCrewCode>P</iat:passengerCrewCode>
                     <iat:movementDate>2005-07-30</iat:movementDate>
                     <iat:movementTime>11:50:38</iat:movementTime>
                     <iat:movementStatusCode>A</iat:movementStatusCode>
                  </MovementInfo>
                  <MovementInfo>
                     <iat:travelDocInfo>
                        <iatcom:travelDocId>LJ547268</iatcom:travelDocId>
                        <iatcom:travelDocCountryCode>CAN</iatcom:travelDocCountryCode>
                     </iat:travelDocInfo>
                     <iat:checkInPortCode>-</iat:checkInPortCode>
                     <iat:directionCode>O</iat:directionCode>
                     <iat:localPortCode>BNE</iat:localPortCode>
                     <iat:localScheduledDate>2007-03-29</iat:localScheduledDate>
                     <iat:routeId>EK433</iat:routeId>
                     <iat:visaSubClassCode>801</iat:visaSubClassCode>
                     <iat:passengerCrewCode>P</iat:passengerCrewCode>
                     <iat:movementDate>2007-03-29</iat:movementDate>
                     <iat:movementTime>18:29:06</iat:movementTime>
                     <iat:movementStatusCode>A</iat:movementStatusCode>
                  </MovementInfo>
                  <MovementInfo>
                     <iat:travelDocInfo>
                        <iatcom:travelDocId>LJ547268</iatcom:travelDocId>
                        <iatcom:travelDocCountryCode>CAN</iatcom:travelDocCountryCode>
                     </iat:travelDocInfo>
                     <iat:checkInPortCode>DXB</iat:checkInPortCode>
                     <iat:directionCode>I</iat:directionCode>
                     <iat:localPortCode>SYD</iat:localPortCode>
                     <iat:localScheduledDate>2007-04-03</iat:localScheduledDate>
                     <iat:routeId>EK412</iat:routeId>
                     <iat:visaSubClassCode>801</iat:visaSubClassCode>
                     <iat:passengerCrewCode>P</iat:passengerCrewCode>
                     <iat:movementDate>2007-04-03</iat:movementDate>
                     <iat:movementTime>07:28:13</iat:movementTime>
                     <iat:movementStatusCode>A</iat:movementStatusCode>
                  </MovementInfo>
                  <MovementInfo>
                     <iat:travelDocInfo>
                        <iatcom:travelDocId>LJ547268</iatcom:travelDocId>
                        <iatcom:travelDocCountryCode>CAN</iatcom:travelDocCountryCode>
                     </iat:travelDocInfo>
                     <iat:checkInPortCode>-</iat:checkInPortCode>
                     <iat:directionCode>O</iat:directionCode>
                     <iat:localPortCode>SYD</iat:localPortCode>
                     <iat:localScheduledDate>2008-05-19</iat:localScheduledDate>
                     <iat:routeId>QF187</iat:routeId>
                     <iat:visaSubClassCode>801</iat:visaSubClassCode>
                     <iat:passengerCrewCode>P</iat:passengerCrewCode>
                     <iat:movementDate>2008-05-19</iat:movementDate>
                     <iat:movementTime>12:53:00</iat:movementTime>
                     <iat:movementStatusCode>A</iat:movementStatusCode>
                  </MovementInfo>
                  <MovementInfo>
                     <iat:travelDocInfo>
                        <iatcom:travelDocId>LJ547268</iatcom:travelDocId>
                        <iatcom:travelDocCountryCode>CAN</iatcom:travelDocCountryCode>
                     </iat:travelDocInfo>
                     <iat:checkInPortCode>HKG</iat:checkInPortCode>
                     <iat:directionCode>I</iat:directionCode>
                     <iat:localPortCode>SYD</iat:localPortCode>
                     <iat:localScheduledDate>2008-05-26</iat:localScheduledDate>
                     <iat:routeId>QF128</iat:routeId>
                     <iat:visaSubClassCode>155</iat:visaSubClassCode>
                     <iat:passengerCrewCode>P</iat:passengerCrewCode>
                     <iat:movementDate>2008-05-26</iat:movementDate>
                     <iat:movementTime>08:15:18</iat:movementTime>
                     <iat:movementStatusCode>A</iat:movementStatusCode>
                  </MovementInfo>
                  <MovementInfo>
                     <iat:travelDocInfo>
                        <iatcom:travelDocId>LJ547268</iatcom:travelDocId>
                        <iatcom:travelDocCountryCode>CAN</iatcom:travelDocCountryCode>
                     </iat:travelDocInfo>
                     <iat:checkInPortCode>-</iat:checkInPortCode>
                     <iat:directionCode>O</iat:directionCode>
                     <iat:localPortCode>SYD</iat:localPortCode>
                     <iat:localScheduledDate>2009-05-24</iat:localScheduledDate>
                     <iat:routeId>BA16</iat:routeId>
                     <iat:visaSubClassCode>155</iat:visaSubClassCode>
                     <iat:passengerCrewCode>P</iat:passengerCrewCode>
                     <iat:movementDate>2009-05-24</iat:movementDate>
                     <iat:movementTime>13:57:14</iat:movementTime>
                     <iat:movementStatusCode>A</iat:movementStatusCode>
                  </MovementInfo>
                  <MovementInfo>
                     <iat:travelDocInfo>
                        <iatcom:travelDocId>LJ547268</iatcom:travelDocId>
                        <iatcom:travelDocCountryCode>CAN</iatcom:travelDocCountryCode>
                     </iat:travelDocInfo>
                     <iat:checkInPortCode>HKG</iat:checkInPortCode>
                     <iat:directionCode>I</iat:directionCode>
                     <iat:localPortCode>SYD</iat:localPortCode>
                     <iat:localScheduledDate>2009-05-31</iat:localScheduledDate>
                     <iat:routeId>CX101</iat:routeId>
                     <iat:visaSubClassCode>155</iat:visaSubClassCode>
                     <iat:passengerCrewCode>P</iat:passengerCrewCode>
                     <iat:movementDate>2009-05-31</iat:movementDate>
                     <iat:movementTime>10:41:26</iat:movementTime>
                     <iat:movementStatusCode>A</iat:movementStatusCode>
                  </MovementInfo>
                  <MovementInfo>
                     <iat:travelDocInfo>
                        <iatcom:travelDocId>LJ547268</iatcom:travelDocId>
                        <iatcom:travelDocCountryCode>CAN</iatcom:travelDocCountryCode>
                     </iat:travelDocInfo>
                     <iat:checkInPortCode>-</iat:checkInPortCode>
                     <iat:directionCode>O</iat:directionCode>
                     <iat:localPortCode>SYD</iat:localPortCode>
                     <iat:localScheduledDate>2009-09-25</iat:localScheduledDate>
                     <iat:routeId>QF5</iat:routeId>
                     <iat:visaSubClassCode>155</iat:visaSubClassCode>
                     <iat:passengerCrewCode>P</iat:passengerCrewCode>
                     <iat:movementDate>2009-09-25</iat:movementDate>
                     <iat:movementTime>14:31:24</iat:movementTime>
                     <iat:movementStatusCode>A</iat:movementStatusCode>
                  </MovementInfo>
                  <MovementInfo>
                     <iat:travelDocInfo>
                        <iatcom:travelDocId>LJ547268</iatcom:travelDocId>
                        <iatcom:travelDocCountryCode>CAN</iatcom:travelDocCountryCode>
                     </iat:travelDocInfo>
                     <iat:checkInPortCode>SIN</iat:checkInPortCode>
                     <iat:directionCode>I</iat:directionCode>
                     <iat:localPortCode>SYD</iat:localPortCode>
                     <iat:localScheduledDate>2009-09-29</iat:localScheduledDate>
                     <iat:routeId>QF6</iat:routeId>
                     <iat:visaSubClassCode>155</iat:visaSubClassCode>
                     <iat:passengerCrewCode>P</iat:passengerCrewCode>
                     <iat:movementDate>2009-09-29</iat:movementDate>
                     <iat:movementTime>05:41:46</iat:movementTime>
                     <iat:movementStatusCode>A</iat:movementStatusCode>
                  </MovementInfo>
                  <MovementInfo>
                     <iat:travelDocInfo>
                        <iatcom:travelDocId>LJ547268</iatcom:travelDocId>
                        <iatcom:travelDocCountryCode>CAN</iatcom:travelDocCountryCode>
                     </iat:travelDocInfo>
                     <iat:checkInPortCode>-</iat:checkInPortCode>
                     <iat:directionCode>O</iat:directionCode>
                     <iat:localPortCode>SYD</iat:localPortCode>
                     <iat:localScheduledDate>2009-09-29</iat:localScheduledDate>
                     <iat:routeId>QF11</iat:routeId>
                     <iat:visaSubClassCode>155</iat:visaSubClassCode>
                     <iat:passengerCrewCode>P</iat:passengerCrewCode>
                     <iat:movementDate>2009-09-29</iat:movementDate>
                     <iat:movementTime>11:53:39</iat:movementTime>
                     <iat:movementStatusCode>A</iat:movementStatusCode>
                  </MovementInfo>
                  <MovementInfo>
                     <iat:travelDocInfo>
                        <iatcom:travelDocId>LJ547268</iatcom:travelDocId>
                        <iatcom:travelDocCountryCode>CAN</iatcom:travelDocCountryCode>
                     </iat:travelDocInfo>
                     <iat:checkInPortCode>LAX</iat:checkInPortCode>
                     <iat:directionCode>I</iat:directionCode>
                     <iat:localPortCode>SYD</iat:localPortCode>
                     <iat:localScheduledDate>2009-10-17</iat:localScheduledDate>
                     <iat:routeId>QF108</iat:routeId>
                     <iat:visaSubClassCode>155</iat:visaSubClassCode>
                     <iat:passengerCrewCode>P</iat:passengerCrewCode>
                     <iat:movementDate>2009-10-17</iat:movementDate>
                     <iat:movementTime>09:07:34</iat:movementTime>
                     <iat:movementStatusCode>A</iat:movementStatusCode>
                  </MovementInfo>
                  <MovementInfo>
                     <iat:travelDocInfo>
                        <iatcom:travelDocId>LJ547268</iatcom:travelDocId>
                        <iatcom:travelDocCountryCode>CAN</iatcom:travelDocCountryCode>
                     </iat:travelDocInfo>
                     <iat:checkInPortCode>-</iat:checkInPortCode>
                     <iat:directionCode>O</iat:directionCode>
                     <iat:localPortCode>SYD</iat:localPortCode>
                     <iat:localScheduledDate>2010-03-05</iat:localScheduledDate>
                     <iat:routeId>QF127</iat:routeId>
                     <iat:visaSubClassCode>155</iat:visaSubClassCode>
                     <iat:passengerCrewCode>P</iat:passengerCrewCode>
                     <iat:movementDate>2010-03-05</iat:movementDate>
                     <iat:movementTime>10:17:07</iat:movementTime>
                     <iat:movementStatusCode>A</iat:movementStatusCode>
                  </MovementInfo>
                  <MovementInfo>
                     <iat:travelDocInfo>
                        <iatcom:travelDocId>DS002468</iatcom:travelDocId>
                        <iatcom:travelDocCountryCode>CAN</iatcom:travelDocCountryCode>
                     </iat:travelDocInfo>
                     <iat:checkInPortCode>HKG</iat:checkInPortCode>
                     <iat:directionCode>I</iat:directionCode>
                     <iat:localPortCode>SYD</iat:localPortCode>
                     <iat:localScheduledDate>2010-03-13</iat:localScheduledDate>
                     <iat:routeId>QF128</iat:routeId>
                     <iat:visaSubClassCode>155</iat:visaSubClassCode>
                     <iat:passengerCrewCode>P</iat:passengerCrewCode>
                     <iat:movementDate>2010-03-13</iat:movementDate>
                     <iat:movementTime>08:10:04</iat:movementTime>
                     <iat:movementStatusCode>A</iat:movementStatusCode>
                  </MovementInfo>
                  <MovementInfo>
                     <iat:travelDocInfo>
                        <iatcom:travelDocId>BA658520</iatcom:travelDocId>
                        <iatcom:travelDocCountryCode>CAN</iatcom:travelDocCountryCode>
                     </iat:travelDocInfo>
                     <iat:checkInPortCode>-</iat:checkInPortCode>
                     <iat:directionCode>O</iat:directionCode>
                     <iat:localPortCode>SYD</iat:localPortCode>
                     <iat:localScheduledDate>2010-06-10</iat:localScheduledDate>
                     <iat:routeId>AC34</iat:routeId>
                     <iat:visaSubClassCode>155</iat:visaSubClassCode>
                     <iat:passengerCrewCode>P</iat:passengerCrewCode>
                     <iat:movementDate>2010-06-10</iat:movementDate>
                     <iat:movementTime>08:03:40</iat:movementTime>
                     <iat:movementStatusCode>A</iat:movementStatusCode>
                  </MovementInfo>
                  <MovementInfo>
                     <iat:travelDocInfo>
                        <iatcom:travelDocId>BA658520</iatcom:travelDocId>
                        <iatcom:travelDocCountryCode>CAN</iatcom:travelDocCountryCode>
                     </iat:travelDocInfo>
                     <iat:checkInPortCode>YVR</iat:checkInPortCode>
                     <iat:directionCode>I</iat:directionCode>
                     <iat:localPortCode>SYD</iat:localPortCode>
                     <iat:localScheduledDate>2010-07-04</iat:localScheduledDate>
                     <iat:routeId>AC33</iat:routeId>
                     <iat:visaSubClassCode>155</iat:visaSubClassCode>
                     <iat:passengerCrewCode>P</iat:passengerCrewCode>
                     <iat:movementDate>2010-07-04</iat:movementDate>
                     <iat:movementTime>08:15:00</iat:movementTime>
                  </MovementInfo>
                  <MovementInfo>
                     <iat:travelDocInfo>
                        <iatcom:travelDocId>BA658520</iatcom:travelDocId>
                        <iatcom:travelDocCountryCode>CAN</iatcom:travelDocCountryCode>
                     </iat:travelDocInfo>
                     <iat:checkInPortCode>YVR</iat:checkInPortCode>
                     <iat:directionCode>I</iat:directionCode>
                     <iat:localPortCode>SYD</iat:localPortCode>
                     <iat:localScheduledDate>2010-07-04</iat:localScheduledDate>
                     <iat:routeId>AC33</iat:routeId>
                     <iat:visaSubClassCode>155</iat:visaSubClassCode>
                     <iat:passengerCrewCode>P</iat:passengerCrewCode>
                     <iat:movementDate>2010-07-04</iat:movementDate>
                     <iat:movementTime>08:59:51</iat:movementTime>
                     <iat:movementStatusCode>A</iat:movementStatusCode>
                  </MovementInfo>
                  <MovementInfo>
                     <iat:travelDocInfo>
                        <iatcom:travelDocId>BA658520</iatcom:travelDocId>
                        <iatcom:travelDocCountryCode>CAN</iatcom:travelDocCountryCode>
                     </iat:travelDocInfo>
                     <iat:checkInPortCode>-</iat:checkInPortCode>
                     <iat:directionCode>O</iat:directionCode>
                     <iat:localPortCode>SYD</iat:localPortCode>
                     <iat:localScheduledDate>2010-10-17</iat:localScheduledDate>
                     <iat:routeId>QF141</iat:routeId>
                     <iat:visaSubClassCode>155</iat:visaSubClassCode>
                     <iat:passengerCrewCode>P</iat:passengerCrewCode>
                     <iat:movementDate>2010-10-17</iat:movementDate>
                     <iat:movementTime>05:19:07</iat:movementTime>
                     <iat:movementStatusCode>A</iat:movementStatusCode>
                  </MovementInfo>
                  <MovementInfo>
                     <iat:travelDocInfo>
                        <iatcom:travelDocId>BA658520</iatcom:travelDocId>
                        <iatcom:travelDocCountryCode>CAN</iatcom:travelDocCountryCode>
                     </iat:travelDocInfo>
                     <iat:checkInPortCode>AKL</iat:checkInPortCode>
                     <iat:directionCode>I</iat:directionCode>
                     <iat:localPortCode>SYD</iat:localPortCode>
                     <iat:localScheduledDate>2010-10-20</iat:localScheduledDate>
                     <iat:routeId>QF50</iat:routeId>
                     <iat:visaSubClassCode>155</iat:visaSubClassCode>
                     <iat:passengerCrewCode>P</iat:passengerCrewCode>
                     <iat:movementDate>2010-10-20</iat:movementDate>
                     <iat:movementTime>07:49:56</iat:movementTime>
                     <iat:movementStatusCode>A</iat:movementStatusCode>
                  </MovementInfo>
                  <MovementInfo>
                     <iat:travelDocInfo>
                        <iatcom:travelDocId>BA658520</iatcom:travelDocId>
                        <iatcom:travelDocCountryCode>CAN</iatcom:travelDocCountryCode>
                     </iat:travelDocInfo>
                     <iat:checkInPortCode>AKL</iat:checkInPortCode>
                     <iat:directionCode>I</iat:directionCode>
                     <iat:localPortCode>SYD</iat:localPortCode>
                     <iat:localScheduledDate>2010-10-20</iat:localScheduledDate>
                     <iat:routeId>QF50</iat:routeId>
                     <iat:visaSubClassCode>155</iat:visaSubClassCode>
                     <iat:passengerCrewCode>P</iat:passengerCrewCode>
                     <iat:movementDate>2010-10-20</iat:movementDate>
                     <iat:movementTime>07:55:00</iat:movementTime>
                  </MovementInfo>
                  <MovementInfo>
                     <iat:travelDocInfo>
                        <iatcom:travelDocId>BA658520</iatcom:travelDocId>
                        <iatcom:travelDocCountryCode>CAN</iatcom:travelDocCountryCode>
                     </iat:travelDocInfo>
                     <iat:checkInPortCode>-</iat:checkInPortCode>
                     <iat:directionCode>O</iat:directionCode>
                     <iat:localPortCode>SYD</iat:localPortCode>
                     <iat:localScheduledDate>2010-11-10</iat:localScheduledDate>
                     <iat:routeId>PR210</iat:routeId>
                     <iat:visaSubClassCode>155</iat:visaSubClassCode>
                     <iat:passengerCrewCode>P</iat:passengerCrewCode>
                     <iat:movementDate>2010-11-10</iat:movementDate>
                     <iat:movementTime>09:56:12</iat:movementTime>
                     <iat:movementStatusCode>A</iat:movementStatusCode>
                  </MovementInfo>
                  <MovementInfo>
                     <iat:travelDocInfo>
                        <iatcom:travelDocId>BA658520</iatcom:travelDocId>
                        <iatcom:travelDocCountryCode>CAN</iatcom:travelDocCountryCode>
                     </iat:travelDocInfo>
                     <iat:checkInPortCode>MNL</iat:checkInPortCode>
                     <iat:directionCode>I</iat:directionCode>
                     <iat:localPortCode>SYD</iat:localPortCode>
                     <iat:localScheduledDate>2010-11-15</iat:localScheduledDate>
                     <iat:routeId>PR209</iat:routeId>
                     <iat:visaSubClassCode>155</iat:visaSubClassCode>
                     <iat:passengerCrewCode>P</iat:passengerCrewCode>
                     <iat:movementDate>2010-11-15</iat:movementDate>
                     <iat:movementTime>10:20:00</iat:movementTime>
                  </MovementInfo>
                  <MovementInfo>
                     <iat:travelDocInfo>
                        <iatcom:travelDocId>BA658520</iatcom:travelDocId>
                        <iatcom:travelDocCountryCode>CAN</iatcom:travelDocCountryCode>
                     </iat:travelDocInfo>
                     <iat:checkInPortCode>MNL</iat:checkInPortCode>
                     <iat:directionCode>I</iat:directionCode>
                     <iat:localPortCode>SYD</iat:localPortCode>
                     <iat:localScheduledDate>2010-11-15</iat:localScheduledDate>
                     <iat:routeId>PR209</iat:routeId>
                     <iat:visaSubClassCode>155</iat:visaSubClassCode>
                     <iat:passengerCrewCode>P</iat:passengerCrewCode>
                     <iat:movementDate>2010-11-15</iat:movementDate>
                     <iat:movementTime>10:56:02</iat:movementTime>
                     <iat:movementStatusCode>A</iat:movementStatusCode>
                  </MovementInfo>
                  <MovementInfo>
                     <iat:travelDocInfo>
                        <iatcom:travelDocId>BA658520</iatcom:travelDocId>
                        <iatcom:travelDocCountryCode>CAN</iatcom:travelDocCountryCode>
                     </iat:travelDocInfo>
                     <iat:checkInPortCode>-</iat:checkInPortCode>
                     <iat:directionCode>O</iat:directionCode>
                     <iat:localPortCode>SYD</iat:localPortCode>
                     <iat:localScheduledDate>2010-12-08</iat:localScheduledDate>
                     <iat:routeId>NZ704</iat:routeId>
                     <iat:visaSubClassCode>155</iat:visaSubClassCode>
                     <iat:passengerCrewCode>P</iat:passengerCrewCode>
                     <iat:movementDate>2010-12-08</iat:movementDate>
                     <iat:movementTime>10:35:10</iat:movementTime>
                     <iat:movementStatusCode>A</iat:movementStatusCode>
                  </MovementInfo>
                  <MovementInfo>
                     <iat:travelDocInfo>
                        <iatcom:travelDocId>BA658520</iatcom:travelDocId>
                        <iatcom:travelDocCountryCode>CAN</iatcom:travelDocCountryCode>
                     </iat:travelDocInfo>
                     <iat:checkInPortCode>AKL</iat:checkInPortCode>
                     <iat:directionCode>I</iat:directionCode>
                     <iat:localPortCode>SYD</iat:localPortCode>
                     <iat:localScheduledDate>2010-12-22</iat:localScheduledDate>
                     <iat:routeId>NZ703</iat:routeId>
                     <iat:visaSubClassCode>155</iat:visaSubClassCode>
                     <iat:passengerCrewCode>P</iat:passengerCrewCode>
                     <iat:movementDate>2010-12-22</iat:movementDate>
                     <iat:movementTime>11:27:56</iat:movementTime>
                     <iat:movementStatusCode>A</iat:movementStatusCode>
                  </MovementInfo>
                  <MovementInfo>
                     <iat:travelDocInfo>
                        <iatcom:travelDocId>BA658520</iatcom:travelDocId>
                        <iatcom:travelDocCountryCode>CAN</iatcom:travelDocCountryCode>
                     </iat:travelDocInfo>
                     <iat:checkInPortCode>-</iat:checkInPortCode>
                     <iat:directionCode>O</iat:directionCode>
                     <iat:localPortCode>SYD</iat:localPortCode>
                     <iat:localScheduledDate>2011-01-10</iat:localScheduledDate>
                     <iat:routeId>QF47</iat:routeId>
                     <iat:visaSubClassCode>155</iat:visaSubClassCode>
                     <iat:passengerCrewCode>P</iat:passengerCrewCode>
                     <iat:movementDate>2011-01-10</iat:movementDate>
                     <iat:movementTime>07:08:07</iat:movementTime>
                     <iat:movementStatusCode>A</iat:movementStatusCode>
                  </MovementInfo>
                  <MovementInfo>
                     <iat:travelDocInfo>
                        <iatcom:travelDocId>BA658520</iatcom:travelDocId>
                        <iatcom:travelDocCountryCode>CAN</iatcom:travelDocCountryCode>
                     </iat:travelDocInfo>
                     <iat:checkInPortCode>AKL</iat:checkInPortCode>
                     <iat:directionCode>I</iat:directionCode>
                     <iat:localPortCode>BNE</iat:localPortCode>
                     <iat:localScheduledDate>2011-01-12</iat:localScheduledDate>
                     <iat:routeId>NZ135</iat:routeId>
                     <iat:visaSubClassCode>155</iat:visaSubClassCode>
                     <iat:passengerCrewCode>P</iat:passengerCrewCode>
                     <iat:movementDate>2011-01-12</iat:movementDate>
                     <iat:movementTime>09:55:00</iat:movementTime>
                  </MovementInfo>
                  <MovementInfo>
                     <iat:travelDocInfo>
                        <iatcom:travelDocId>BA658520</iatcom:travelDocId>
                        <iatcom:travelDocCountryCode>CAN</iatcom:travelDocCountryCode>
                     </iat:travelDocInfo>
                     <iat:checkInPortCode>AKL</iat:checkInPortCode>
                     <iat:directionCode>I</iat:directionCode>
                     <iat:localPortCode>BNE</iat:localPortCode>
                     <iat:localScheduledDate>2011-01-12</iat:localScheduledDate>
                     <iat:routeId>NZ135</iat:routeId>
                     <iat:visaSubClassCode>155</iat:visaSubClassCode>
                     <iat:passengerCrewCode>P</iat:passengerCrewCode>
                     <iat:movementDate>2011-01-12</iat:movementDate>
                     <iat:movementTime>09:55:28</iat:movementTime>
                     <iat:movementStatusCode>A</iat:movementStatusCode>
                  </MovementInfo>
                  <MovementInfo>
                     <iat:travelDocInfo>
                        <iatcom:travelDocId>BA658520</iatcom:travelDocId>
                        <iatcom:travelDocCountryCode>CAN</iatcom:travelDocCountryCode>
                     </iat:travelDocInfo>
                     <iat:checkInPortCode>-</iat:checkInPortCode>
                     <iat:directionCode>O</iat:directionCode>
                     <iat:localPortCode>SYD</iat:localPortCode>
                     <iat:localScheduledDate>2011-06-21</iat:localScheduledDate>
                     <iat:routeId>AC34</iat:routeId>
                     <iat:visaSubClassCode>155</iat:visaSubClassCode>
                     <iat:passengerCrewCode>P</iat:passengerCrewCode>
                     <iat:movementDate>2011-06-21</iat:movementDate>
                     <iat:movementTime>08:23:01</iat:movementTime>
                     <iat:movementStatusCode>A</iat:movementStatusCode>
                  </MovementInfo>
                  <MovementInfo>
                     <iat:travelDocInfo>
                        <iatcom:travelDocId>BA658520</iatcom:travelDocId>
                        <iatcom:travelDocCountryCode>CAN</iatcom:travelDocCountryCode>
                     </iat:travelDocInfo>
                     <iat:checkInPortCode>YYJ</iat:checkInPortCode>
                     <iat:directionCode>I</iat:directionCode>
                     <iat:localPortCode>SYD</iat:localPortCode>
                     <iat:localScheduledDate>2011-07-01</iat:localScheduledDate>
                     <iat:routeId>AC33</iat:routeId>
                     <iat:visaSubClassCode>155</iat:visaSubClassCode>
                     <iat:passengerCrewCode>P</iat:passengerCrewCode>
                     <iat:movementDate>2011-07-01</iat:movementDate>
                     <iat:movementTime>09:08:48</iat:movementTime>
                     <iat:movementStatusCode>A</iat:movementStatusCode>
                  </MovementInfo>
                  <MovementInfo>
                     <iat:travelDocInfo>
                        <iatcom:travelDocId>BA658520</iatcom:travelDocId>
                        <iatcom:travelDocCountryCode>CAN</iatcom:travelDocCountryCode>
                     </iat:travelDocInfo>
                     <iat:checkInPortCode>-</iat:checkInPortCode>
                     <iat:directionCode>O</iat:directionCode>
                     <iat:localPortCode>SYD</iat:localPortCode>
                     <iat:localScheduledDate>2012-09-22</iat:localScheduledDate>
                     <iat:routeId>QF107</iat:routeId>
                     <iat:visaSubClassCode>155</iat:visaSubClassCode>
                     <iat:passengerCrewCode>P</iat:passengerCrewCode>
                     <iat:movementDate>2012-09-22</iat:movementDate>
                     <iat:movementTime>08:22:04</iat:movementTime>
                     <iat:movementStatusCode>A</iat:movementStatusCode>
                  </MovementInfo>
                  <MovementInfo>
                     <iat:travelDocInfo>
                        <iatcom:travelDocId>BA658520</iatcom:travelDocId>
                        <iatcom:travelDocCountryCode>CAN</iatcom:travelDocCountryCode>
                     </iat:travelDocInfo>
                     <iat:checkInPortCode>LAX</iat:checkInPortCode>
                     <iat:directionCode>I</iat:directionCode>
                     <iat:localPortCode>SYD</iat:localPortCode>
                     <iat:localScheduledDate>2012-10-23</iat:localScheduledDate>
                     <iat:routeId>QF108</iat:routeId>
                     <iat:visaSubClassCode>155</iat:visaSubClassCode>
                     <iat:passengerCrewCode>P</iat:passengerCrewCode>
                     <iat:movementDate>2012-10-23</iat:movementDate>
                     <iat:movementTime>09:17:16</iat:movementTime>
                     <iat:movementStatusCode>A</iat:movementStatusCode>
                  </MovementInfo>
                  <MovementInfo>
                     <iat:travelDocInfo>
                        <iatcom:travelDocId>BA658520</iatcom:travelDocId>
                        <iatcom:travelDocCountryCode>CAN</iatcom:travelDocCountryCode>
                     </iat:travelDocInfo>
                     <iat:checkInPortCode>-</iat:checkInPortCode>
                     <iat:directionCode>O</iat:directionCode>
                     <iat:localPortCode>SYD</iat:localPortCode>
                     <iat:localScheduledDate>2014-02-10</iat:localScheduledDate>
                     <iat:routeId>AC34</iat:routeId>
                     <iat:visaSubClassCode>155</iat:visaSubClassCode>
                     <iat:passengerCrewCode>P</iat:passengerCrewCode>
                     <iat:movementDate>2014-02-10</iat:movementDate>
                     <iat:movementTime>09:52:03</iat:movementTime>
                     <iat:movementStatusCode>A</iat:movementStatusCode>
                  </MovementInfo>
                  <MovementInfo>
                     <iat:travelDocInfo>
                        <iatcom:travelDocId>BA658520</iatcom:travelDocId>
                        <iatcom:travelDocCountryCode>CAN</iatcom:travelDocCountryCode>
                     </iat:travelDocInfo>
                     <iat:checkInPortCode>YVR</iat:checkInPortCode>
                     <iat:directionCode>I</iat:directionCode>
                     <iat:localPortCode>SYD</iat:localPortCode>
                     <iat:localScheduledDate>2014-02-23</iat:localScheduledDate>
                     <iat:routeId>AC33</iat:routeId>
                     <iat:visaSubClassCode>155</iat:visaSubClassCode>
                     <iat:passengerCrewCode>P</iat:passengerCrewCode>
                     <iat:movementDate>2014-02-23</iat:movementDate>
                     <iat:movementTime>10:05:40</iat:movementTime>
                     <iat:movementStatusCode>A</iat:movementStatusCode>
                  </MovementInfo>
                  <MovementInfo>
                     <iat:travelDocInfo>
                        <iatcom:travelDocId>BA658520</iatcom:travelDocId>
                        <iatcom:travelDocCountryCode>CAN</iatcom:travelDocCountryCode>
                     </iat:travelDocInfo>
                     <iat:checkInPortCode>-</iat:checkInPortCode>
                     <iat:directionCode>O</iat:directionCode>
                     <iat:localPortCode>SYD</iat:localPortCode>
                     <iat:localScheduledDate>2014-06-01</iat:localScheduledDate>
                     <iat:routeId>SQ232</iat:routeId>
                     <iat:visaSubClassCode>155</iat:visaSubClassCode>
                     <iat:passengerCrewCode>P</iat:passengerCrewCode>
                     <iat:movementDate>2014-06-01</iat:movementDate>
                     <iat:movementTime>10:02:14</iat:movementTime>
                     <iat:movementStatusCode>A</iat:movementStatusCode>
                  </MovementInfo>
                  <MovementInfo>
                     <iat:travelDocInfo>
                        <iatcom:travelDocId>BA658520</iatcom:travelDocId>
                        <iatcom:travelDocCountryCode>CAN</iatcom:travelDocCountryCode>
                     </iat:travelDocInfo>
                     <iat:checkInPortCode>SIN</iat:checkInPortCode>
                     <iat:directionCode>I</iat:directionCode>
                     <iat:localPortCode>SYD</iat:localPortCode>
                     <iat:localScheduledDate>2014-06-05</iat:localScheduledDate>
                     <iat:routeId>SQ221</iat:routeId>
                     <iat:visaSubClassCode>155</iat:visaSubClassCode>
                     <iat:passengerCrewCode>P</iat:passengerCrewCode>
                     <iat:movementDate>2014-06-05</iat:movementDate>
                     <iat:movementTime>05:54:17</iat:movementTime>
                     <iat:movementStatusCode>A</iat:movementStatusCode>
                  </MovementInfo>
                  <MovementInfo>
                     <iat:travelDocInfo>
                        <iatcom:travelDocId>BA658520</iatcom:travelDocId>
                        <iatcom:travelDocCountryCode>CAN</iatcom:travelDocCountryCode>
                     </iat:travelDocInfo>
                     <iat:checkInPortCode>-</iat:checkInPortCode>
                     <iat:directionCode>O</iat:directionCode>
                     <iat:localPortCode>SYD</iat:localPortCode>
                     <iat:localScheduledDate>2014-07-13</iat:localScheduledDate>
                     <iat:routeId>SQ212</iat:routeId>
                     <iat:visaSubClassCode>155</iat:visaSubClassCode>
                     <iat:passengerCrewCode>P</iat:passengerCrewCode>
                     <iat:movementDate>2014-07-13</iat:movementDate>
                     <iat:movementTime>05:18:04</iat:movementTime>
                     <iat:movementStatusCode>A</iat:movementStatusCode>
                  </MovementInfo>
                  <MovementInfo>
                     <iat:travelDocInfo>
                        <iatcom:travelDocId>BA658520</iatcom:travelDocId>
                        <iatcom:travelDocCountryCode>CAN</iatcom:travelDocCountryCode>
                     </iat:travelDocInfo>
                     <iat:checkInPortCode>SIN</iat:checkInPortCode>
                     <iat:directionCode>I</iat:directionCode>
                     <iat:localPortCode>SYD</iat:localPortCode>
                     <iat:localScheduledDate>2014-07-18</iat:localScheduledDate>
                     <iat:routeId>SQ221</iat:routeId>
                     <iat:visaSubClassCode>155</iat:visaSubClassCode>
                     <iat:passengerCrewCode>P</iat:passengerCrewCode>
                     <iat:movementDate>2014-07-18</iat:movementDate>
                     <iat:movementTime>05:36:04</iat:movementTime>
                     <iat:movementStatusCode>A</iat:movementStatusCode>
                  </MovementInfo>
                  <MovementInfo>
                     <iat:travelDocInfo>
                        <iatcom:travelDocId>GA393618</iatcom:travelDocId>
                        <iatcom:travelDocCountryCode>CAN</iatcom:travelDocCountryCode>
                     </iat:travelDocInfo>
                     <iat:checkInPortCode>SYD</iat:checkInPortCode>
                     <iat:directionCode>O</iat:directionCode>
                     <iat:localPortCode>SYD</iat:localPortCode>
                     <iat:localScheduledDate>2016-12-07</iat:localScheduledDate>
                     <iat:routeId>AC34</iat:routeId>
                     <iat:visaSubClassCode>155</iat:visaSubClassCode>
                     <iat:passengerCrewCode>P</iat:passengerCrewCode>
                     <iat:movementDate>2016-12-07</iat:movementDate>
                     <iat:movementTime>11:30:10</iat:movementTime>
                     <iat:movementStatusCode>A</iat:movementStatusCode>
                  </MovementInfo>
                  <MovementInfo>
                     <iat:travelDocInfo>
                        <iatcom:travelDocId>GA393618</iatcom:travelDocId>
                        <iatcom:travelDocCountryCode>CAN</iatcom:travelDocCountryCode>
                     </iat:travelDocInfo>
                     <iat:checkInPortCode>YYC</iat:checkInPortCode>
                     <iat:directionCode>I</iat:directionCode>
                     <iat:localPortCode>SYD</iat:localPortCode>
                     <iat:localScheduledDate>2016-12-30</iat:localScheduledDate>
                     <iat:routeId>AC33</iat:routeId>
                     <iat:visaSubClassCode>155</iat:visaSubClassCode>
                     <iat:passengerCrewCode>P</iat:passengerCrewCode>
                     <iat:movementDate>2016-12-30</iat:movementDate>
                     <iat:movementTime>10:25:00</iat:movementTime>
                  </MovementInfo>
                  <MovementInfo>
                     <iat:travelDocInfo>
                        <iatcom:travelDocId>GA393618</iatcom:travelDocId>
                        <iatcom:travelDocCountryCode>CAN</iatcom:travelDocCountryCode>
                     </iat:travelDocInfo>
                     <iat:checkInPortCode>YYC</iat:checkInPortCode>
                     <iat:directionCode>I</iat:directionCode>
                     <iat:localPortCode>SYD</iat:localPortCode>
                     <iat:localScheduledDate>2016-12-30</iat:localScheduledDate>
                     <iat:routeId>AC33</iat:routeId>
                     <iat:visaSubClassCode>155</iat:visaSubClassCode>
                     <iat:passengerCrewCode>P</iat:passengerCrewCode>
                     <iat:movementDate>2016-12-30</iat:movementDate>
                     <iat:movementTime>11:17:47</iat:movementTime>
                     <iat:movementStatusCode>A</iat:movementStatusCode>
                  </MovementInfo>
                  <MovementInfo>
                     <iat:travelDocInfo>
                        <iatcom:travelDocId>GA393618</iatcom:travelDocId>
                        <iatcom:travelDocCountryCode>CAN</iatcom:travelDocCountryCode>
                     </iat:travelDocInfo>
                     <iat:checkInPortCode>SYD</iat:checkInPortCode>
                     <iat:directionCode>O</iat:directionCode>
                     <iat:localPortCode>SYD</iat:localPortCode>
                     <iat:localScheduledDate>2017-02-12</iat:localScheduledDate>
                     <iat:routeId>QF81</iat:routeId>
                     <iat:visaSubClassCode>155</iat:visaSubClassCode>
                     <iat:passengerCrewCode>P</iat:passengerCrewCode>
                     <iat:movementDate>2017-02-12</iat:movementDate>
                     <iat:movementTime>09:37:25</iat:movementTime>
                     <iat:movementStatusCode>A</iat:movementStatusCode>
                  </MovementInfo>
                  <MovementInfo>
                     <iat:travelDocInfo>
                        <iatcom:travelDocId>GA393618</iatcom:travelDocId>
                        <iatcom:travelDocCountryCode>CAN</iatcom:travelDocCountryCode>
                     </iat:travelDocInfo>
                     <iat:checkInPortCode>SIN</iat:checkInPortCode>
                     <iat:directionCode>I</iat:directionCode>
                     <iat:localPortCode>SYD</iat:localPortCode>
                     <iat:localScheduledDate>2017-02-19</iat:localScheduledDate>
                     <iat:routeId>QF6</iat:routeId>
                     <iat:visaSubClassCode>155</iat:visaSubClassCode>
                     <iat:passengerCrewCode>P</iat:passengerCrewCode>
                     <iat:movementDate>2017-02-19</iat:movementDate>
                     <iat:movementTime>11:14:43</iat:movementTime>
                     <iat:movementStatusCode>A</iat:movementStatusCode>
                  </MovementInfo>
               </ListOfMovementInfo>
               <ListOfAlertMovementInfo>
                  <AlertMovementInfo>
                     <iat:alertNumber>0001015579</iat:alertNumber>
                     <iat:localScheduledDate>2010-12-08</iat:localScheduledDate>
                     <iat:localPortCode>SYD</iat:localPortCode>
                     <iat:matchCategoryCode>A</iat:matchCategoryCode>
                     <iat:BIDSelectStatus>Y</iat:BIDSelectStatus>
                     <iat:FIDSelectStatus>Y</iat:FIDSelectStatus>
                     <iat:ExpectedMovementIndicator>N</iat:ExpectedMovementIndicator>
                  </AlertMovementInfo>
                  <AlertMovementInfo>
                     <iat:alertNumber>0000955610</iat:alertNumber>
                     <iat:localScheduledDate>2011-01-12</iat:localScheduledDate>
                     <iat:localPortCode>BNE</iat:localPortCode>
                     <iat:matchCategoryCode>B</iat:matchCategoryCode>
                     <iat:BIDSelectStatus>Y</iat:BIDSelectStatus>
                     <iat:FIDSelectStatus>N</iat:FIDSelectStatus>
                     <iat:ExpectedMovementIndicator>N</iat:ExpectedMovementIndicator>
                  </AlertMovementInfo>
                  <AlertMovementInfo>
                     <iat:alertNumber>0001015579</iat:alertNumber>
                     <iat:localScheduledDate>2011-01-10</iat:localScheduledDate>
                     <iat:localPortCode>SYD</iat:localPortCode>
                     <iat:matchCategoryCode>A</iat:matchCategoryCode>
                     <iat:BIDSelectStatus>Y</iat:BIDSelectStatus>
                     <iat:FIDSelectStatus>Y</iat:FIDSelectStatus>
                     <iat:ExpectedMovementIndicator>N</iat:ExpectedMovementIndicator>
                  </AlertMovementInfo>
                  <AlertMovementInfo>
                     <iat:alertNumber>0000955610</iat:alertNumber>
                     <iat:localScheduledDate>2010-11-15</iat:localScheduledDate>
                     <iat:localPortCode>SYD</iat:localPortCode>
                     <iat:matchCategoryCode>B</iat:matchCategoryCode>
                     <iat:BIDSelectStatus>N</iat:BIDSelectStatus>
                     <iat:FIDSelectStatus></iat:FIDSelectStatus>
                     <iat:ExpectedMovementIndicator>N</iat:ExpectedMovementIndicator>
                  </AlertMovementInfo>
                  <AlertMovementInfo>
                     <iat:alertNumber>0001015579</iat:alertNumber>
                     <iat:localScheduledDate>2010-12-22</iat:localScheduledDate>
                     <iat:localPortCode>SYD</iat:localPortCode>
                     <iat:matchCategoryCode>A</iat:matchCategoryCode>
                     <iat:BIDSelectStatus>Y</iat:BIDSelectStatus>
                     <iat:FIDSelectStatus>Y</iat:FIDSelectStatus>
                     <iat:ExpectedMovementIndicator>N</iat:ExpectedMovementIndicator>
                  </AlertMovementInfo>
                  <AlertMovementInfo>
                     <iat:alertNumber>0000955610</iat:alertNumber>
                     <iat:localScheduledDate>2010-12-22</iat:localScheduledDate>
                     <iat:localPortCode>SYD</iat:localPortCode>
                     <iat:matchCategoryCode>B</iat:matchCategoryCode>
                     <iat:BIDSelectStatus>N</iat:BIDSelectStatus>
                     <iat:FIDSelectStatus></iat:FIDSelectStatus>
                     <iat:ExpectedMovementIndicator>N</iat:ExpectedMovementIndicator>
                  </AlertMovementInfo>
                  <AlertMovementInfo>
                     <iat:alertNumber>0001015579</iat:alertNumber>
                     <iat:localScheduledDate>2011-01-12</iat:localScheduledDate>
                     <iat:localPortCode>BNE</iat:localPortCode>
                     <iat:matchCategoryCode>A</iat:matchCategoryCode>
                     <iat:BIDSelectStatus>Y</iat:BIDSelectStatus>
                     <iat:FIDSelectStatus>Y</iat:FIDSelectStatus>
                     <iat:ExpectedMovementIndicator>N</iat:ExpectedMovementIndicator>
                  </AlertMovementInfo>
                  <AlertMovementInfo>
                     <iat:alertNumber>0000955610</iat:alertNumber>
                     <iat:localScheduledDate>2010-11-15</iat:localScheduledDate>
                     <iat:localPortCode>SYD</iat:localPortCode>
                     <iat:matchCategoryCode>B</iat:matchCategoryCode>
                     <iat:BIDSelectStatus></iat:BIDSelectStatus>
                     <iat:FIDSelectStatus></iat:FIDSelectStatus>
                     <iat:ExpectedMovementIndicator>Y</iat:ExpectedMovementIndicator>
                  </AlertMovementInfo>
                  <AlertMovementInfo>
                     <iat:alertNumber>0000955610</iat:alertNumber>
                     <iat:localScheduledDate>2010-10-20</iat:localScheduledDate>
                     <iat:localPortCode>SYD</iat:localPortCode>
                     <iat:matchCategoryCode>B</iat:matchCategoryCode>
                     <iat:BIDSelectStatus>N</iat:BIDSelectStatus>
                     <iat:FIDSelectStatus></iat:FIDSelectStatus>
                     <iat:ExpectedMovementIndicator>N</iat:ExpectedMovementIndicator>
                  </AlertMovementInfo>
                  <AlertMovementInfo>
                     <iat:alertNumber>0000955610</iat:alertNumber>
                     <iat:localScheduledDate>2010-10-20</iat:localScheduledDate>
                     <iat:localPortCode>SYD</iat:localPortCode>
                     <iat:matchCategoryCode>B</iat:matchCategoryCode>
                     <iat:BIDSelectStatus></iat:BIDSelectStatus>
                     <iat:FIDSelectStatus></iat:FIDSelectStatus>
                     <iat:ExpectedMovementIndicator>Y</iat:ExpectedMovementIndicator>
                  </AlertMovementInfo>
               </ListOfAlertMovementInfo>
            </TravellerHistory>
         </ListOfTravellerHistory>
      </GetTravellerHistoryResponse>
   </soapenv:Body>
</soapenv:Envelope>
